INSERT INTO "tiendas" ("nit","nombre","activa") VALUES ('900123456','Tienda Demo',true);
INSERT INTO "marcas" ("id","nombre","imagen_url","orden") VALUES ('b7bdbb71-33bb-4fb5-b30b-257063daaf45','AGIVA','/img/marcas/agiva.svg',1);
INSERT INTO "marcas" ("id","nombre","imagen_url","orden") VALUES ('6193cea7-9f80-4d3b-a1e7-8351f335170d','ALUCINANTE','/img/marcas/alucinante.svg',2);
INSERT INTO "marcas" ("id","nombre","imagen_url","orden") VALUES ('96085d67-3ffa-4311-889d-f3d823ab7fe0','BADI','/img/marcas/badi.svg',3);
INSERT INTO "marcas" ("id","nombre","imagen_url","orden") VALUES ('5c2e3fac-a2a4-4892-bc97-6b7b9bbc1c8e','CHOCOLISS/AMARITE','/img/marcas/chocoliss.svg',4);
INSERT INTO "marcas" ("id","nombre","imagen_url","orden") VALUES ('635aadc5-3952-4483-8090-bd69a7352ea6','GRYNTEC','/img/marcas/gryntec.svg',5);
INSERT INTO "marcas" ("id","nombre","imagen_url","orden") VALUES ('37390879-f6be-4c31-bc97-9dff30cb096e','LECHE PAL PELO','/img/marcas/lechepp.svg',6);
INSERT INTO "marcas" ("id","nombre","imagen_url","orden") VALUES ('0cacfacb-03aa-4174-8cb6-4c819c29a6e0','NEW TURBO SAS','/img/marcas/newturbo.svg',7);
INSERT INTO "marcas" ("id","nombre","imagen_url","orden") VALUES ('5736eff8-0952-4e68-9c7b-cc70eebc9dbf','PROKPIL','/img/marcas/prokpil.svg',8);
INSERT INTO "marcas" ("id","nombre","imagen_url","orden") VALUES ('86568d64-3a7c-4085-b27c-8a89a6b7b415','TECNOGLOBAL','/img/marcas/tecnoglobal.svg',9);
INSERT INTO "productos" ("id","codigo","nombre","marca_id","modo_de_uso","imagen_url","puntos_por_venta","codigo_barras") VALUES ('28663e14-dda8-4c8d-bde2-1ac324689804','AGV17142','AGIVA CERA EFECTO MATE #3 POTE 155 ML','b7bdbb71-33bb-4fb5-b30b-257063daaf45',NULL,NULL,10,'8683348000035');
INSERT INTO "productos" ("id","codigo","nombre","marca_id","modo_de_uso","imagen_url","puntos_por_venta","codigo_barras") VALUES ('20963a2f-694d-4dd0-a6c6-3ddf4fc8c7fd','AGV17144','AGIVA CERA PELO EN GOMA #5 POTE 155 ML','b7bdbb71-33bb-4fb5-b30b-257063daaf45',NULL,NULL,10,'8683348000004');
INSERT INTO "productos" ("id","codigo","nombre","marca_id","modo_de_uso","imagen_url","puntos_por_venta","codigo_barras") VALUES ('54ecd706-3a1f-4cdd-ae75-27ea74566408','AGV17145','AGIVA CERA FUERTE SPIDER #6 POTE 155 ML','b7bdbb71-33bb-4fb5-b30b-257063daaf45',NULL,NULL,10,'8683348000653');
INSERT INTO "productos" ("id","codigo","nombre","marca_id","modo_de_uso","imagen_url","puntos_por_venta","codigo_barras") VALUES ('ccafd222-eb18-4f83-8a78-c2065e5ac77f','AGV17148','AGIVA CERA EN POLVO SUAVE #1 CAJA 20 GRS','b7bdbb71-33bb-4fb5-b30b-257063daaf45',NULL,NULL,10,'8698703025851');
INSERT INTO "productos" ("id","codigo","nombre","marca_id","modo_de_uso","imagen_url","puntos_por_venta","codigo_barras") VALUES ('835d3e47-88cf-4757-b28d-3af1a9dfd94c','AGV17149','AGIVA CERA EN POLVO MEDIA #2 CAJA 20 GRS','b7bdbb71-33bb-4fb5-b30b-257063daaf45',NULL,NULL,10,'8698703025868');
INSERT INTO "productos" ("id","codigo","nombre","marca_id","modo_de_uso","imagen_url","puntos_por_venta","codigo_barras") VALUES ('f87f7951-905d-400c-962a-50a16bb33345','AGV17150','AGIVA CERA EN POLVO FUERTE #3 CAJA 20 GRS','b7bdbb71-33bb-4fb5-b30b-257063daaf45',NULL,NULL,10,'8698703025875');
INSERT INTO "productos" ("id","codigo","nombre","marca_id","modo_de_uso","imagen_url","puntos_por_venta","codigo_barras") VALUES ('a78ac7f8-ef38-46c4-8a88-fa99c396fa8c','AGV17175','AGIVA GEL AFEITAR SHAVING COOL GEL LITRO','b7bdbb71-33bb-4fb5-b30b-257063daaf45',NULL,NULL,10,'8683348000301');
INSERT INTO "productos" ("id","codigo","nombre","marca_id","modo_de_uso","imagen_url","puntos_por_venta","codigo_barras") VALUES ('86cf3e04-3eba-40ee-b0d8-a25b18739da1','AGV17204','AGIVA CERA POLVO PEINADOS MORADO X 20 GR','b7bdbb71-33bb-4fb5-b30b-257063daaf45',NULL,NULL,10,'8683348000240');
INSERT INTO "productos" ("id","codigo","nombre","marca_id","modo_de_uso","imagen_url","puntos_por_venta","codigo_barras") VALUES ('1e1055a0-f540-4239-b450-8692de3c94a0','AGV17205','AGIVA CERA GEL COOL BRIGTH MORADO #8 POTE X 155ML','b7bdbb71-33bb-4fb5-b30b-257063daaf45',NULL,NULL,10,'8683348000080');
INSERT INTO "productos" ("id","codigo","nombre","marca_id","modo_de_uso","imagen_url","puntos_por_venta","codigo_barras") VALUES ('76da37b9-7db2-421e-96ff-75d7c454279e','AGV17206','AGIVA CERA GEL NEGRO #9 X 155ML','b7bdbb71-33bb-4fb5-b30b-257063daaf45',NULL,NULL,10,'8683348000066');
INSERT INTO "productos" ("id","codigo","nombre","marca_id","modo_de_uso","imagen_url","puntos_por_venta","codigo_barras") VALUES ('dfa4505a-c0a1-44cf-8d9a-ce8abce9e0ac','AGV17207','AGIVA CERA CREMA BRILLANTINA X 155ML','b7bdbb71-33bb-4fb5-b30b-257063daaf45',NULL,NULL,10,'8683348000097');
INSERT INTO "productos" ("id","codigo","nombre","marca_id","modo_de_uso","imagen_url","puntos_por_venta","codigo_barras") VALUES ('daaf79ea-030e-4d8e-bc24-c1eae0a2609c','AGV17211','AGIVA CERA GEL AQUA STRONG NARANJA #1 POTE 155 ML','b7bdbb71-33bb-4fb5-b30b-257063daaf45',NULL,NULL,10,'8683348000028');
INSERT INTO "productos" ("id","codigo","nombre","marca_id","modo_de_uso","imagen_url","puntos_por_venta","codigo_barras") VALUES ('6208fab8-6c49-44f8-8e4b-f1c3aefc6209','AGV17212','AGIVA CERA  GEL AQUA ULTRA STRONG #2 POTE 155 ML','b7bdbb71-33bb-4fb5-b30b-257063daaf45',NULL,NULL,10,'8683348000011');
INSERT INTO "productos" ("id","codigo","nombre","marca_id","modo_de_uso","imagen_url","puntos_por_venta","codigo_barras") VALUES ('645a6e4c-d302-44a7-a6bc-44c17037b2dc','AGV17213','AGIVA CERA GEL AQUA GROOMING AMARILO #4 POTE 155 ML','b7bdbb71-33bb-4fb5-b30b-257063daaf45',NULL,NULL,10,'8683348000059');
INSERT INTO "productos" ("id","codigo","nombre","marca_id","modo_de_uso","imagen_url","puntos_por_venta","codigo_barras") VALUES ('d10f3658-4423-4bc3-935d-5c4978ad9b28','AGV17214','AGIVA CERA CREMA BRILLO CAFE #7 POTE 155 ML','b7bdbb71-33bb-4fb5-b30b-257063daaf45',NULL,NULL,10,'8683348000073');
INSERT INTO "productos" ("id","codigo","nombre","marca_id","modo_de_uso","imagen_url","puntos_por_venta","codigo_barras") VALUES ('9dafa69f-45b5-47dc-86e0-fd89326b6948','AGV17218','AGIVA EFECTO SPIDER #10 POTE 155 ML','b7bdbb71-33bb-4fb5-b30b-257063daaf45',NULL,NULL,10,'8683348000042');
INSERT INTO "productos" ("id","codigo","nombre","marca_id","modo_de_uso","imagen_url","puntos_por_venta","codigo_barras") VALUES ('19f19dc2-7e96-45d2-bc3f-36cf31b748ac','ALCD002','TRATAMIENTO ACONDICIONADOR ALUCINANTE SOFT MODE 500 mL','6193cea7-9f80-4d3b-a1e7-8351f335170d',NULL,NULL,10,NULL);
INSERT INTO "productos" ("id","codigo","nombre","marca_id","modo_de_uso","imagen_url","puntos_por_venta","codigo_barras") VALUES ('34473318-c449-466d-a40a-4d5492e149a0','ALSH001','SHAMPOO PURIFICANTE ALUCINANTE CLEAN MOOD 500 mL','6193cea7-9f80-4d3b-a1e7-8351f335170d',NULL,NULL,10,NULL);
INSERT INTO "productos" ("id","codigo","nombre","marca_id","modo_de_uso","imagen_url","puntos_por_venta","codigo_barras") VALUES ('fc30ec4a-f34b-4397-9a98-e048cece444f','ALSR004','SERUM CAPILAR PURIFICANTE ALUCINANTE BALANCE DROPS 120 mL','6193cea7-9f80-4d3b-a1e7-8351f335170d',NULL,NULL,10,NULL);
INSERT INTO "productos" ("id","codigo","nombre","marca_id","modo_de_uso","imagen_url","puntos_por_venta","codigo_barras") VALUES ('fcf19324-f590-4dc7-9585-c1bafeb4ce7a','ALTM005','PRIMER TERMOPROTECTOR CAPILAR ALUCINANTE PRIMER 250 mL','6193cea7-9f80-4d3b-a1e7-8351f335170d',NULL,NULL,10,NULL);
INSERT INTO "productos" ("id","codigo","nombre","marca_id","modo_de_uso","imagen_url","puntos_por_venta","codigo_barras") VALUES ('7e30765a-7ec1-4e0f-8389-a798e1d8a7b1','BBS143','BARBER STYLE GEL FIJADOR POTE x 200 g.','86568d64-3a7c-4085-b27c-8a89a6b7b415',NULL,NULL,10,'7503023615143');
INSERT INTO "productos" ("id","codigo","nombre","marca_id","modo_de_uso","imagen_url","puntos_por_venta","codigo_barras") VALUES ('46f7536f-de18-4618-888b-111e90181d9e','BBS242','BARBER STYLE GEL FIJADOR POTE x 250 g.','86568d64-3a7c-4085-b27c-8a89a6b7b415',NULL,NULL,10,'7503023615242');
INSERT INTO "productos" ("id","codigo","nombre","marca_id","modo_de_uso","imagen_url","puntos_por_venta","codigo_barras") VALUES ('78f79bcd-4d80-467b-9c51-593c272eb06f','BBS341','BARBER STYLE GEL FIJADOR  POTE x 450 g.','86568d64-3a7c-4085-b27c-8a89a6b7b415',NULL,NULL,10,'7503023615341');
INSERT INTO "productos" ("id","codigo","nombre","marca_id","modo_de_uso","imagen_url","puntos_por_venta","codigo_barras") VALUES ('a4fbcd91-09b2-4a2d-aa30-0f89b2c97b95','BBS440','BARBER STYLE GEL FIJADOR POTE x 1000 g.','86568d64-3a7c-4085-b27c-8a89a6b7b415',NULL,NULL,10,'7503023615440');
INSERT INTO "productos" ("id","codigo","nombre","marca_id","modo_de_uso","imagen_url","puntos_por_venta","codigo_barras") VALUES ('efed5e29-07fe-462e-be14-448cd7b96cb1','BBS709','BARBER STYLE GEL FIJADOR POTE x 100 g.','86568d64-3a7c-4085-b27c-8a89a6b7b415',NULL,NULL,10,NULL);
INSERT INTO "productos" ("id","codigo","nombre","marca_id","modo_de_uso","imagen_url","puntos_por_venta","codigo_barras") VALUES ('fde6a683-7eba-4a5e-986f-00d7eb9e31b6','BBS843','BARBER STYLE GEL FIJADOR SACHET 15 g. RISTRA x 24','86568d64-3a7c-4085-b27c-8a89a6b7b415',NULL,NULL,10,'7503023615846');
INSERT INTO "productos" ("id","codigo","nombre","marca_id","modo_de_uso","imagen_url","puntos_por_venta","codigo_barras") VALUES ('76ee1b77-89dc-4ac6-9cc7-c9ace58e40d6','BBS945','CREMA PARA PEINAR BARBER STYLE 8/200ml','86568d64-3a7c-4085-b27c-8a89a6b7b415',NULL,NULL,10,'7503023615945');
INSERT INTO "productos" ("id","codigo","nombre","marca_id","modo_de_uso","imagen_url","puntos_por_venta","codigo_barras") VALUES ('90ef9c95-b565-4942-a49c-458e9c682426','BBSG013','BARBER STYLE GEL FIJADOR FIJACIÓN MEGAFIRME GOLD POTE x 250 g.','86568d64-3a7c-4085-b27c-8a89a6b7b415',NULL,NULL,10,NULL);
INSERT INTO "productos" ("id","codigo","nombre","marca_id","modo_de_uso","imagen_url","puntos_por_venta","codigo_barras") VALUES ('2bb430fd-590e-4d21-940e-0f1907990505','BBSG112','BARBER STYLE GEL FIJADOR FIJACIÓN MEGAFIRME GOLD POTE x 1000 g.','86568d64-3a7c-4085-b27c-8a89a6b7b415',NULL,NULL,10,NULL);
INSERT INTO "productos" ("id","codigo","nombre","marca_id","modo_de_uso","imagen_url","puntos_por_venta","codigo_barras") VALUES ('d3de85ee-9eb5-4844-b393-81f3656b3d1e','BL764','BADI SHAMPOO EN SECO LOVE SPRAY 200 ML','96085d67-3ffa-4311-889d-f3d823ab7fe0',NULL,NULL,10,'8696630144065');
INSERT INTO "productos" ("id","codigo","nombre","marca_id","modo_de_uso","imagen_url","puntos_por_venta","codigo_barras") VALUES ('f19287e5-9050-417d-8d86-122d675de81d','BL765','BADI SHAMPOO EN SECO SUMMER SPRAY 200 ML','96085d67-3ffa-4311-889d-f3d823ab7fe0',NULL,NULL,10,'8696630144072');
INSERT INTO "productos" ("id","codigo","nombre","marca_id","modo_de_uso","imagen_url","puntos_por_venta","codigo_barras") VALUES ('327c2043-6799-41b1-892a-e56e9a1ee253','BL766','BADI SHAMPOO EN SECO RETRO SPRAY 200 ML','96085d67-3ffa-4311-889d-f3d823ab7fe0',NULL,NULL,10,'8696630144089');
INSERT INTO "productos" ("id","codigo","nombre","marca_id","modo_de_uso","imagen_url","puntos_por_venta","codigo_barras") VALUES ('9e17d2c0-009d-48e8-b2f1-95fb2d889040','BL768','BADI LACA EXTRA FUERTE  SPRAY 400 ML','96085d67-3ffa-4311-889d-f3d823ab7fe0',NULL,NULL,10,'8696630136374');
INSERT INTO "productos" ("id","codigo","nombre","marca_id","modo_de_uso","imagen_url","puntos_por_venta","codigo_barras") VALUES ('1effcf4f-ef0b-405e-885d-559d01b18f1f','BL770','BADI HAIR MOUSE LADY BELLA ULTRA STRONG X 300ML','96085d67-3ffa-4311-889d-f3d823ab7fe0',NULL,NULL,10,'8696630137203');
INSERT INTO "productos" ("id","codigo","nombre","marca_id","modo_de_uso","imagen_url","puntos_por_venta","codigo_barras") VALUES ('0ab01b18-9bfc-4aca-a194-17ccb8501ec1','CHL001','CHL SHAMPOO PASO 1 POTE X 450 ML','5c2e3fac-a2a4-4892-bc97-6b7b9bbc1c8e',NULL,NULL,10,'7707754914920');
INSERT INTO "productos" ("id","codigo","nombre","marca_id","modo_de_uso","imagen_url","puntos_por_venta","codigo_barras") VALUES ('1c173390-d3d9-40dc-906e-c9ae45dc728c','CHL002','CHL ALISANTE PROG PASO 2 POTE X 450 ML','5c2e3fac-a2a4-4892-bc97-6b7b9bbc1c8e',NULL,NULL,10,'7707754914418');
INSERT INTO "productos" ("id","codigo","nombre","marca_id","modo_de_uso","imagen_url","puntos_por_venta","codigo_barras") VALUES ('87844fdf-6b94-471f-9485-6dd24aea157e','CHL003','CHL MASCARILLA PASO 3 POTE X 450 ML','5c2e3fac-a2a4-4892-bc97-6b7b9bbc1c8e',NULL,NULL,10,'7707754912650');
INSERT INTO "productos" ("id","codigo","nombre","marca_id","modo_de_uso","imagen_url","puntos_por_venta","codigo_barras") VALUES ('c5ef04d1-ef0a-4693-9f96-5239831af355','CHL004','KIT HERBAL SHAMPO X 60ML+ TTO X 60 ML+ SERUM X 60ML + ACEITE X 30ML','5c2e3fac-a2a4-4892-bc97-6b7b9bbc1c8e',NULL,NULL,10,NULL);
INSERT INTO "productos" ("id","codigo","nombre","marca_id","modo_de_uso","imagen_url","puntos_por_venta","codigo_barras") VALUES ('11d30715-a4ae-4553-a300-452734e548c7','CHL010105','CHL ALISANTE PROG PASO 2 PLEX POTE X 250 ML','5c2e3fac-a2a4-4892-bc97-6b7b9bbc1c8e',NULL,NULL,10,'7707754918546');
INSERT INTO "productos" ("id","codigo","nombre","marca_id","modo_de_uso","imagen_url","puntos_por_venta","codigo_barras") VALUES ('420b3e31-80f6-40fb-878b-8c2f4e300ad4','CHL010117','CHL SHAMPOO REPARADOR POTE X 60 ML','5c2e3fac-a2a4-4892-bc97-6b7b9bbc1c8e',NULL,NULL,10,'7709343674819');
INSERT INTO "productos" ("id","codigo","nombre","marca_id","modo_de_uso","imagen_url","puntos_por_venta","codigo_barras") VALUES ('4de29f83-c379-47c7-b345-a0cede1f7041','CHL0101172','CHL SERUM TRATAMIENTO POTE X 60 ML','5c2e3fac-a2a4-4892-bc97-6b7b9bbc1c8e',NULL,NULL,10,'7707754918232');
INSERT INTO "productos" ("id","codigo","nombre","marca_id","modo_de_uso","imagen_url","puntos_por_venta","codigo_barras") VALUES ('368be71e-3817-444b-8335-5c943b11f5f2','CHL010817','CHL TRATAMIENTO CAPILAR CRESPOS POTE X 120 ML','5c2e3fac-a2a4-4892-bc97-6b7b9bbc1c8e',NULL,NULL,10,'7707754911813');
INSERT INTO "productos" ("id","codigo","nombre","marca_id","modo_de_uso","imagen_url","puntos_por_venta","codigo_barras") VALUES ('1d951349-3580-463c-9b60-604f0d953004','CHL0108171','CHL TRATAMIENTO REPARADOR POTE X 60 ML','5c2e3fac-a2a4-4892-bc97-6b7b9bbc1c8e',NULL,NULL,10,'7709997818225');
INSERT INTO "productos" ("id","codigo","nombre","marca_id","modo_de_uso","imagen_url","puntos_por_venta","codigo_barras") VALUES ('7561a29f-59cf-4392-b896-a957f84ebd44','CHL0108173','CHL TRATAMIENTO CAPILAR CRESPOS POTE X 500 ML','5c2e3fac-a2a4-4892-bc97-6b7b9bbc1c8e',NULL,NULL,10,'7707754912018');
INSERT INTO "productos" ("id","codigo","nombre","marca_id","modo_de_uso","imagen_url","puntos_por_venta","codigo_barras") VALUES ('98540379-0764-4b33-a639-f4edbf945bf9','CHL0108174','CHL TRATAMIENTO CAPILAR CRESPOS SACHET 30 ML C X 12','5c2e3fac-a2a4-4892-bc97-6b7b9bbc1c8e',NULL,NULL,10,'7707754919321');
INSERT INTO "productos" ("id","codigo","nombre","marca_id","modo_de_uso","imagen_url","puntos_por_venta","codigo_barras") VALUES ('d5840a9b-ccc6-412b-b037-2f1b7a315c84','CHL0108175','CHL SHAMPOO DE ROMERO Y BIOTINA SACHET 30 ML C X 12','5c2e3fac-a2a4-4892-bc97-6b7b9bbc1c8e',NULL,NULL,10,'7707754910151');
INSERT INTO "productos" ("id","codigo","nombre","marca_id","modo_de_uso","imagen_url","puntos_por_venta","codigo_barras") VALUES ('d0e6e359-c220-4bb6-ab7c-1e73ecba7125','CHL0117','CHL TRATAMIENTO REPARADOR SACHET 30 ML C X 12','5c2e3fac-a2a4-4892-bc97-6b7b9bbc1c8e',NULL,NULL,10,'7707754919314');
INSERT INTO "productos" ("id","codigo","nombre","marca_id","modo_de_uso","imagen_url","puntos_por_venta","codigo_barras") VALUES ('82bb531d-7862-44b6-8de3-22d06cf2d350','CHL01170','CHL SHAMPOO REPARADOR SACHET 30 ML C X 12','5c2e3fac-a2a4-4892-bc97-6b7b9bbc1c8e',NULL,NULL,10,'7707754918010');
INSERT INTO "productos" ("id","codigo","nombre","marca_id","modo_de_uso","imagen_url","puntos_por_venta","codigo_barras") VALUES ('e29f82f2-9cac-4b0d-b442-b3ed4cdb2ab8','CHL101020','CHL SHAMPOO REPARADOR POTE X 1000 ML','5c2e3fac-a2a4-4892-bc97-6b7b9bbc1c8e',NULL,NULL,10,'7707754918782');
INSERT INTO "productos" ("id","codigo","nombre","marca_id","modo_de_uso","imagen_url","puntos_por_venta","codigo_barras") VALUES ('16111d3b-a9b3-4d0b-aa09-b75c107fbecf','CHL101021','CHL SHAMPOO PASO 1 POTE X 250 ML','5c2e3fac-a2a4-4892-bc97-6b7b9bbc1c8e',NULL,NULL,10,'7707315250214');
INSERT INTO "productos" ("id","codigo","nombre","marca_id","modo_de_uso","imagen_url","puntos_por_venta","codigo_barras") VALUES ('e8cfbe20-61d6-4f34-b43f-b445daf699ba','CHL10104','CHL MASCARILLA PASO 3 POTE X 250 ML','5c2e3fac-a2a4-4892-bc97-6b7b9bbc1c8e',NULL,NULL,10,'7707754911288');
INSERT INTO "productos" ("id","codigo","nombre","marca_id","modo_de_uso","imagen_url","puntos_por_venta","codigo_barras") VALUES ('6865b37f-b35d-4fed-b115-9c3f18c90e75','CHL10105','CHL ALISANTE PROG PASO 2 POTE X 250 ML','5c2e3fac-a2a4-4892-bc97-6b7b9bbc1c8e',NULL,NULL,10,'7707754915781');
INSERT INTO "productos" ("id","codigo","nombre","marca_id","modo_de_uso","imagen_url","puntos_por_venta","codigo_barras") VALUES ('594e7955-bdc6-48a2-ae86-e6cb2307bd8d','CHL10105PLEX','CHL ALISANTE PROG PASO 2 PLEX POTE X 160 ML','5c2e3fac-a2a4-4892-bc97-6b7b9bbc1c8e',NULL,NULL,10,'7707754914821');
INSERT INTO "productos" ("id","codigo","nombre","marca_id","modo_de_uso","imagen_url","puntos_por_venta","codigo_barras") VALUES ('1603e19c-439e-428d-a5a0-3bd15a9cb0c0','CHL10106','CHL KIT ALISANTE PROG X 80 ML','5c2e3fac-a2a4-4892-bc97-6b7b9bbc1c8e',NULL,NULL,10,'7707754918850');
INSERT INTO "productos" ("id","codigo","nombre","marca_id","modo_de_uso","imagen_url","puntos_por_venta","codigo_barras") VALUES ('7209620f-eaaf-4ed3-b89a-a1e9ef4c80e1','CHL10106PLEX','CHL ALISANTE PROG PASO 2 PLEX POTE X 450 ML','5c2e3fac-a2a4-4892-bc97-6b7b9bbc1c8e',NULL,NULL,10,'7709990663167');
INSERT INTO "productos" ("id","codigo","nombre","marca_id","modo_de_uso","imagen_url","puntos_por_venta","codigo_barras") VALUES ('291097cc-21fa-446c-860d-abe753506bfb','CHL10107','CHL KIT ALISANTE PROG X 160 ML','5c2e3fac-a2a4-4892-bc97-6b7b9bbc1c8e',NULL,NULL,10,'7707754918157');
INSERT INTO "productos" ("id","codigo","nombre","marca_id","modo_de_uso","imagen_url","puntos_por_venta","codigo_barras") VALUES ('16e6ce28-ba7a-4815-8ae0-442e986fbb13','CHL10117','CHL SHAMPOO REPARADOR POTE X 250 ML','5c2e3fac-a2a4-4892-bc97-6b7b9bbc1c8e',NULL,NULL,10,'7707754910571');
INSERT INTO "productos" ("id","codigo","nombre","marca_id","modo_de_uso","imagen_url","puntos_por_venta","codigo_barras") VALUES ('80b3aa90-8dfd-4931-a73c-4cd58ba9622c','CHL101170','CHL SHAMPOO CONTROL CASPA POTE X 250 ML','5c2e3fac-a2a4-4892-bc97-6b7b9bbc1c8e',NULL,NULL,10,NULL);
INSERT INTO "productos" ("id","codigo","nombre","marca_id","modo_de_uso","imagen_url","puntos_por_venta","codigo_barras") VALUES ('9b35a6f7-bd20-4bd6-83d0-24ff27c5ec3a','CHL1012','CHL ACEITE REPARADOR SACHET 10 ML C X 12','5c2e3fac-a2a4-4892-bc97-6b7b9bbc1c8e',NULL,NULL,10,'7707754917945');
INSERT INTO "productos" ("id","codigo","nombre","marca_id","modo_de_uso","imagen_url","puntos_por_venta","codigo_barras") VALUES ('5ac1886d-5cf9-4a99-8751-ac08bfb0e477','CHL104','CHL SHAMPOO LIMPIEZA PASO 1 POTE x 500 ML','5c2e3fac-a2a4-4892-bc97-6b7b9bbc1c8e',NULL,NULL,10,'7709990597394');
INSERT INTO "productos" ("id","codigo","nombre","marca_id","modo_de_uso","imagen_url","puntos_por_venta","codigo_barras") VALUES ('1e20ecb3-d6d8-4ab5-a0fc-9969c3216cf7','CHL105','CHL SHAMPOO PASO 1 POTE X 1000 ML','5c2e3fac-a2a4-4892-bc97-6b7b9bbc1c8e',NULL,NULL,10,'7709990414752');
INSERT INTO "productos" ("id","codigo","nombre","marca_id","modo_de_uso","imagen_url","puntos_por_venta","codigo_barras") VALUES ('093e1321-9465-4217-b756-9a9b2bb2fdd3','CHL106','CHL SHAMPOO REPARADOR POTE X 500 ML','5c2e3fac-a2a4-4892-bc97-6b7b9bbc1c8e',NULL,NULL,10,'7707754916856');
INSERT INTO "productos" ("id","codigo","nombre","marca_id","modo_de_uso","imagen_url","puntos_por_venta","codigo_barras") VALUES ('b7ade15d-9f43-4e5f-8ec8-83c81b28c3b4','CHL108','CHL ALISANTE PROG PASO 2 POTE X 1000 ML','5c2e3fac-a2a4-4892-bc97-6b7b9bbc1c8e',NULL,NULL,10,'7709990414745');
INSERT INTO "productos" ("id","codigo","nombre","marca_id","modo_de_uso","imagen_url","puntos_por_venta","codigo_barras") VALUES ('0c9908d1-d82d-4af1-8e04-483c41d1acae','CHL10802','CHL SHAMPOO DE ROMERO BIOTINA POTE X 250 ML','5c2e3fac-a2a4-4892-bc97-6b7b9bbc1c8e',NULL,NULL,10,'7707754919055');
INSERT INTO "productos" ("id","codigo","nombre","marca_id","modo_de_uso","imagen_url","puntos_por_venta","codigo_barras") VALUES ('6b6d8951-3f98-457c-99b1-fa3e318754fd','CHL10817','CHL TRATAMIENTO REPARADOR POTE X 1000 ML','5c2e3fac-a2a4-4892-bc97-6b7b9bbc1c8e',NULL,NULL,10,'7709990663112');
INSERT INTO "productos" ("id","codigo","nombre","marca_id","modo_de_uso","imagen_url","puntos_por_venta","codigo_barras") VALUES ('35089e82-03d7-4175-a479-2e568cd2a51a','CHL111','CHL TRATAMIENTO LISO REPARADOR POTE X 500 ML','5c2e3fac-a2a4-4892-bc97-6b7b9bbc1c8e',NULL,NULL,10,'7709990663129');
INSERT INTO "productos" ("id","codigo","nombre","marca_id","modo_de_uso","imagen_url","puntos_por_venta","codigo_barras") VALUES ('e90cec9b-f6b2-4bb2-a6f4-53df0aee9f5e','CHL112','CHL ACEITE REPARADOR POTE X 30 ML','5c2e3fac-a2a4-4892-bc97-6b7b9bbc1c8e',NULL,NULL,10,'7707754914234');
INSERT INTO "productos" ("id","codigo","nombre","marca_id","modo_de_uso","imagen_url","puntos_por_venta","codigo_barras") VALUES ('dcc2ad86-0b35-41bc-8b8a-d9cab85987b1','CHL116','CHL SERUM TRATAMIENTO POTE X 120 ML','5c2e3fac-a2a4-4892-bc97-6b7b9bbc1c8e',NULL,NULL,10,'7707754910731');
INSERT INTO "productos" ("id","codigo","nombre","marca_id","modo_de_uso","imagen_url","puntos_por_venta","codigo_barras") VALUES ('15dd53a1-e2c1-4193-9862-2119e6bd07a5','CHL117','CHL SERUM TRATAMIENTO SACHET 30 ML C X 12','5c2e3fac-a2a4-4892-bc97-6b7b9bbc1c8e',NULL,NULL,10,'7707754913756');
INSERT INTO "productos" ("id","codigo","nombre","marca_id","modo_de_uso","imagen_url","puntos_por_venta","codigo_barras") VALUES ('0e2e491a-8f65-4641-99fa-37ebc96c8782','CHL123','CHL TRATAMIENTO LISO REPARADOR POTE X 200 ML','5c2e3fac-a2a4-4892-bc97-6b7b9bbc1c8e',NULL,NULL,10,'7707754918461');
INSERT INTO "productos" ("id","codigo","nombre","marca_id","modo_de_uso","imagen_url","puntos_por_venta","codigo_barras") VALUES ('b8466549-a3e7-4f3d-8a6a-510df824d367','CHL125','CHL SERUM TRATAMIENTO POTE X 500 ML','5c2e3fac-a2a4-4892-bc97-6b7b9bbc1c8e',NULL,NULL,10,'7707754913701');
INSERT INTO "productos" ("id","codigo","nombre","marca_id","modo_de_uso","imagen_url","puntos_por_venta","codigo_barras") VALUES ('d52b3b7e-b1ff-4741-a422-621f42df5131','CHL126','CHL AMPOLLETA REPARADORA ENVASE X 10 ML','5c2e3fac-a2a4-4892-bc97-6b7b9bbc1c8e',NULL,NULL,10,'7707315255424');
INSERT INTO "productos" ("id","codigo","nombre","marca_id","modo_de_uso","imagen_url","puntos_por_venta","codigo_barras") VALUES ('cfe4eac8-89c2-4f96-a137-1bdb276f7ba4','CHL128','CHL ACEITE REPARADOR POTE X 60 ML','5c2e3fac-a2a4-4892-bc97-6b7b9bbc1c8e',NULL,NULL,10,'7707754915491');
INSERT INTO "productos" ("id","codigo","nombre","marca_id","modo_de_uso","imagen_url","puntos_por_venta","codigo_barras") VALUES ('9ff68e6c-ab82-4362-9154-417992f2d38c','CHL130','CHL SHAMPOO DE ROMERO Y BIOTINA POTE X 500 ML','5c2e3fac-a2a4-4892-bc97-6b7b9bbc1c8e',NULL,NULL,10,'7707754919260');
INSERT INTO "productos" ("id","codigo","nombre","marca_id","modo_de_uso","imagen_url","puntos_por_venta","codigo_barras") VALUES ('86f903c8-dd92-4d8b-8cb6-0e24edb720c5','CHL131','CHL TONICO DE ROMERO Y BIOTINA POTE X 120 ML','5c2e3fac-a2a4-4892-bc97-6b7b9bbc1c8e',NULL,NULL,10,'7709343674888');
INSERT INTO "productos" ("id","codigo","nombre","marca_id","modo_de_uso","imagen_url","puntos_por_venta","codigo_barras") VALUES ('280b120e-f7e4-43c0-a490-fabe01c48371','CHL132','AMT TTO CAPIL CANNABIS POTE x 400 ML','5c2e3fac-a2a4-4892-bc97-6b7b9bbc1c8e',NULL,NULL,10,'7707315251631');
INSERT INTO "productos" ("id","codigo","nombre","marca_id","modo_de_uso","imagen_url","puntos_por_venta","codigo_barras") VALUES ('9ec689d3-f03f-48a5-aa37-88aebb3296b1','CHL133','AMT TTO CAPIL AJO Y CEBOLLA  POTE x 400 ML','5c2e3fac-a2a4-4892-bc97-6b7b9bbc1c8e',NULL,NULL,10,'7707315259484');
INSERT INTO "productos" ("id","codigo","nombre","marca_id","modo_de_uso","imagen_url","puntos_por_venta","codigo_barras") VALUES ('208b09e6-e062-4eb2-9f1e-765536405ca8','CHL134','AMT TTO CAPIL MIEL Y ARGAN POTE x 400 ML','5c2e3fac-a2a4-4892-bc97-6b7b9bbc1c8e',NULL,NULL,10,'7707315252812');
INSERT INTO "productos" ("id","codigo","nombre","marca_id","modo_de_uso","imagen_url","puntos_por_venta","codigo_barras") VALUES ('27340849-857a-4771-adf5-f54fbdebc148','CHL135','AMT TTO CAPIL FRUTOS ROJOS POTE x 400 ML','5c2e3fac-a2a4-4892-bc97-6b7b9bbc1c8e',NULL,NULL,10,'7707315254342');
INSERT INTO "productos" ("id","codigo","nombre","marca_id","modo_de_uso","imagen_url","puntos_por_venta","codigo_barras") VALUES ('4b6afa87-8142-45ca-ad28-c62e8d5eb930','CHL140','AMT TTO CAPIL CANNABIS SACHET 30 ML C x 20','5c2e3fac-a2a4-4892-bc97-6b7b9bbc1c8e',NULL,NULL,10,'7707315256247');
INSERT INTO "productos" ("id","codigo","nombre","marca_id","modo_de_uso","imagen_url","puntos_por_venta","codigo_barras") VALUES ('082d9350-4c74-45f4-ac4c-21744bef866b','CHL141','AMT TTO CAPIL AJO Y CEBOLLA SACHET 30 ML C x 20','5c2e3fac-a2a4-4892-bc97-6b7b9bbc1c8e',NULL,NULL,10,'7707315256735');
INSERT INTO "productos" ("id","codigo","nombre","marca_id","modo_de_uso","imagen_url","puntos_por_venta","codigo_barras") VALUES ('0ac00669-e044-4caf-80f9-96371cfc9406','CHL142','AMT TTO CAPIL FRUTOS ROJOS SACHET 30 ML C x 20','5c2e3fac-a2a4-4892-bc97-6b7b9bbc1c8e',NULL,NULL,10,'7707315254861');
INSERT INTO "productos" ("id","codigo","nombre","marca_id","modo_de_uso","imagen_url","puntos_por_venta","codigo_barras") VALUES ('6b31666b-f7a5-4cc1-81f4-d1d0206edb46','COMBOML250CHOCOLISS','CHL SHAMPOO PASO #1 ALISANTE PASO #2 MASCARILA PASO #3 X 250ML','5c2e3fac-a2a4-4892-bc97-6b7b9bbc1c8e',NULL,NULL,10,NULL);
INSERT INTO "productos" ("id","codigo","nombre","marca_id","modo_de_uso","imagen_url","puntos_por_venta","codigo_barras") VALUES ('21bca652-7920-405a-bea9-58ddc2b105fe','COMBOML440MLRIZOS','KIT RIZOS X 440ML (1 SHAM+ 1 MASC +1 TERMO AFRO X 440ML+ 1 OLEO X 35ML)','37390879-f6be-4c31-bc97-9dff30cb096e',NULL,NULL,10,NULL);
INSERT INTO "productos" ("id","codigo","nombre","marca_id","modo_de_uso","imagen_url","puntos_por_venta","codigo_barras") VALUES ('64c0c614-280b-484e-8791-3e27aaf7ec47','COMBOML500MLREPARADOPHERBAL','KIT REPARADOR HERBALFLUSS500ML (1SHAMPOO X 500ML+ TTO X 500ML +ACEITE X 30ML REPARADOR)','5c2e3fac-a2a4-4892-bc97-6b7b9bbc1c8e',NULL,NULL,10,NULL);
INSERT INTO "productos" ("id","codigo","nombre","marca_id","modo_de_uso","imagen_url","puntos_por_venta","codigo_barras") VALUES ('8d472c3b-f2c9-4dfb-8e94-f939537e541f','COMBOMLCRESPOSPK','PKML CREMA PARA PEINAR X 300+ LOCION CRESPO X 150ML+ GEL FLUIDO RIZO X 300ML','5736eff8-0952-4e68-9c7b-cc70eebc9dbf',NULL,NULL,10,NULL);
INSERT INTO "productos" ("id","codigo","nombre","marca_id","modo_de_uso","imagen_url","puntos_por_venta","codigo_barras") VALUES ('64affd2c-484b-4a78-bb46-35cbc6b49489','DLA10422','DLA SHAMPOO DE CEBOLLA DEL ARBOL CAJA X 12 SACHET X 40ML','37390879-f6be-4c31-bc97-9dff30cb096e',NULL,NULL,10,'7708713917617');
INSERT INTO "productos" ("id","codigo","nombre","marca_id","modo_de_uso","imagen_url","puntos_por_venta","codigo_barras") VALUES ('af915105-fbe5-494a-80f9-52126440ed98','DLA10425','DLA TONICO CAPILAR DE CEBOLLA 120ML','37390879-f6be-4c31-bc97-9dff30cb096e',NULL,NULL,10,'7709844639430');
INSERT INTO "productos" ("id","codigo","nombre","marca_id","modo_de_uso","imagen_url","puntos_por_venta","codigo_barras") VALUES ('4e03fc04-7c92-42b8-8432-ca004aab9c09','DLA10430','DLA ACONDICIONADOR DE CEBOLLA DEL ARBOL 1000 ML','37390879-f6be-4c31-bc97-9dff30cb096e',NULL,NULL,10,'7709799034496');
INSERT INTO "productos" ("id","codigo","nombre","marca_id","modo_de_uso","imagen_url","puntos_por_venta","codigo_barras") VALUES ('3aafabad-9c69-4c82-91ca-89139400f26a','DLA10432','DLA ACONDICIONADOR DE CEBOLLA DEL ARBOL X CAJA 12 SACHET X 40 ML','37390879-f6be-4c31-bc97-9dff30cb096e',NULL,NULL,10,'7708713917709');
INSERT INTO "productos" ("id","codigo","nombre","marca_id","modo_de_uso","imagen_url","puntos_por_venta","codigo_barras") VALUES ('f9ac4b41-3923-43d9-a21b-c10e78f2c0b6','DLA10452','DLA SHAMPOO ACIDO HIALURONICO BIOTINA Y ARGAN X CAJA X 12 UND','37390879-f6be-4c31-bc97-9dff30cb096e',NULL,NULL,10,'7708713917501');
INSERT INTO "productos" ("id","codigo","nombre","marca_id","modo_de_uso","imagen_url","puntos_por_venta","codigo_barras") VALUES ('a19197e9-94d1-4065-813c-36f9e0a13e92','DLA10460','DLA ACONDICIONADOR ACIDO HIALURONICO BIOTINA Y ARGAN X 1000ML','37390879-f6be-4c31-bc97-9dff30cb096e',NULL,NULL,10,'7708713917396');
INSERT INTO "productos" ("id","codigo","nombre","marca_id","modo_de_uso","imagen_url","puntos_por_venta","codigo_barras") VALUES ('86beaf36-f0ee-406e-a11a-42e60d91c9bb','GRTC010','GRYNTEC ACEITE COCO 50 ML X UNIDAD','635aadc5-3952-4483-8090-bd69a7352ea6',NULL,NULL,10,NULL);
INSERT INTO "productos" ("id","codigo","nombre","marca_id","modo_de_uso","imagen_url","puntos_por_venta","codigo_barras") VALUES ('69ef023a-0edf-493d-8cbd-78375bad4bba','GRTC011','GRYNTEC ACEITE ALMENDRAS 15 ML X UNIDAD','635aadc5-3952-4483-8090-bd69a7352ea6',NULL,NULL,10,NULL);
INSERT INTO "productos" ("id","codigo","nombre","marca_id","modo_de_uso","imagen_url","puntos_por_venta","codigo_barras") VALUES ('9c23a7ff-4cd0-4c1c-98ea-b5e002a5bf28','GRTC012','GRYNTEC ACEITE ALMENDRAS 50 ML X UNIDAD','635aadc5-3952-4483-8090-bd69a7352ea6',NULL,NULL,10,NULL);
INSERT INTO "productos" ("id","codigo","nombre","marca_id","modo_de_uso","imagen_url","puntos_por_venta","codigo_barras") VALUES ('a83f6aee-c101-462b-8aa0-4fb5d3b122b5','GRTC013','GRYNTEC ACEITE NARANJA 15 ML X UNIDAD','635aadc5-3952-4483-8090-bd69a7352ea6',NULL,NULL,10,NULL);
INSERT INTO "productos" ("id","codigo","nombre","marca_id","modo_de_uso","imagen_url","puntos_por_venta","codigo_barras") VALUES ('eb6019c9-ee85-4c28-8a9d-e5891fe94c3c','GRTC014','GRYNTEC ACEITE NARANJA 50 ML X UNIDAD','635aadc5-3952-4483-8090-bd69a7352ea6',NULL,NULL,10,NULL);
INSERT INTO "productos" ("id","codigo","nombre","marca_id","modo_de_uso","imagen_url","puntos_por_venta","codigo_barras") VALUES ('d59314ad-9c11-42f9-84c2-2b29e8a68873','GRTC08','GRYNTEC KIT DECOLORANTE VELLOS','635aadc5-3952-4483-8090-bd69a7352ea6',NULL,NULL,10,NULL);
INSERT INTO "productos" ("id","codigo","nombre","marca_id","modo_de_uso","imagen_url","puntos_por_venta","codigo_barras") VALUES ('f16833c0-491a-4a53-be3d-bb135aa49920','GRTC09','GRYNTEC ACEITE COCO 15 ML X UNIDAD','635aadc5-3952-4483-8090-bd69a7352ea6',NULL,NULL,10,NULL);
INSERT INTO "productos" ("id","codigo","nombre","marca_id","modo_de_uso","imagen_url","puntos_por_venta","codigo_barras") VALUES ('6d055eec-d5b0-4378-9f33-a00e2c1634c2','GRTC1','GRYNTEC LAMPIÑA CREMA DEPILADORA CAJA x 6 SACHET x 30 GRS','635aadc5-3952-4483-8090-bd69a7352ea6',NULL,NULL,10,NULL);
INSERT INTO "productos" ("id","codigo","nombre","marca_id","modo_de_uso","imagen_url","puntos_por_venta","codigo_barras") VALUES ('e4f61f08-9f71-48b6-b345-fa9f1284c577','GRTC2','GRYNTEC LAMPIÑA CREMA DEPILADORA FACIAL CAJA X 6 SACHET 15 GRS','635aadc5-3952-4483-8090-bd69a7352ea6',NULL,NULL,10,NULL);
INSERT INTO "productos" ("id","codigo","nombre","marca_id","modo_de_uso","imagen_url","puntos_por_venta","codigo_barras") VALUES ('b301297c-3e4c-4cb9-b5dd-d841fd7a6b03','GRTC3','GRYNTEC LAMPIÑA CREMA DEPILADORA DOYPACK 120 GRS','635aadc5-3952-4483-8090-bd69a7352ea6',NULL,NULL,10,NULL);
INSERT INTO "productos" ("id","codigo","nombre","marca_id","modo_de_uso","imagen_url","puntos_por_venta","codigo_barras") VALUES ('6c81d8b5-d41c-4986-9a8d-65f639788a18','GRTC4','GRYNTEC TINTE DE CEJAS COLOR CHOCOLATE X 0,8 GR','635aadc5-3952-4483-8090-bd69a7352ea6',NULL,NULL,10,'7709350603055');
INSERT INTO "productos" ("id","codigo","nombre","marca_id","modo_de_uso","imagen_url","puntos_por_venta","codigo_barras") VALUES ('6e707644-fa5f-439e-a561-6e26ec6284d8','GRTC5','GRYNTEC TINTE DE CEJAS COLOR CASTAÑO CLARO X 0,8 GR','635aadc5-3952-4483-8090-bd69a7352ea6',NULL,NULL,10,'7709350603048');
INSERT INTO "productos" ("id","codigo","nombre","marca_id","modo_de_uso","imagen_url","puntos_por_venta","codigo_barras") VALUES ('e23cd3c4-03a3-4704-a453-0d7bccb635a3','GRTC6','GRYNTEC TINTE DE CEJAS COLOR CASTAÑO OSCURO X 0,8 GR','635aadc5-3952-4483-8090-bd69a7352ea6',NULL,NULL,10,'7709380589015');
INSERT INTO "productos" ("id","codigo","nombre","marca_id","modo_de_uso","imagen_url","puntos_por_venta","codigo_barras") VALUES ('965cb945-4b4a-43dc-bc32-c2af07b65558','GRTC7','GRYNTEC TINTE DE CEJAS COLOR NEGRO X 0,8 GR','635aadc5-3952-4483-8090-bd69a7352ea6',NULL,NULL,10,'7709380589077');
INSERT INTO "productos" ("id","codigo","nombre","marca_id","modo_de_uso","imagen_url","puntos_por_venta","codigo_barras") VALUES ('4088fd5f-c709-4da0-8027-0306f485f1e4','LAK10800','LPP KIDS SHAMPOO RIZOS PERFECTOS POTE LITRO','37390879-f6be-4c31-bc97-9dff30cb096e',NULL,NULL,10,NULL);
INSERT INTO "productos" ("id","codigo","nombre","marca_id","modo_de_uso","imagen_url","puntos_por_venta","codigo_barras") VALUES ('b3ebc982-8721-48aa-90bb-ada11dc04805','LAK10801','LPP KIDS SHAMPOO RIZOS PERFECTOS x 440 ML','37390879-f6be-4c31-bc97-9dff30cb096e',NULL,NULL,10,'7708993672305');
INSERT INTO "productos" ("id","codigo","nombre","marca_id","modo_de_uso","imagen_url","puntos_por_venta","codigo_barras") VALUES ('ce6a0c40-a1b3-47d3-bace-c2b58e351e49','LAK10802','LPP KIDS SHAMPOO RIZOS PERFECTOS x 250 ML','37390879-f6be-4c31-bc97-9dff30cb096e',NULL,NULL,10,'7709028027824');
INSERT INTO "productos" ("id","codigo","nombre","marca_id","modo_de_uso","imagen_url","puntos_por_venta","codigo_barras") VALUES ('942e02bc-020b-41b9-a4b4-b0d69d84fd6f','LAK10803','LPP KIDS SHAMPOO RIZOS PERFECTOS CAJA X 12UND X 40ML','37390879-f6be-4c31-bc97-9dff30cb096e',NULL,NULL,10,'7709028027831');
INSERT INTO "productos" ("id","codigo","nombre","marca_id","modo_de_uso","imagen_url","puntos_por_venta","codigo_barras") VALUES ('188ab69c-2228-487f-a369-345d8d91fe99','LAK11800','LPP KIDS ACONDICIONADOR RIZOS PERFECTOS POTE LITRO','37390879-f6be-4c31-bc97-9dff30cb096e',NULL,NULL,10,NULL);
INSERT INTO "productos" ("id","codigo","nombre","marca_id","modo_de_uso","imagen_url","puntos_por_venta","codigo_barras") VALUES ('4bb86419-c17f-407a-a1f0-e02e65b2afbf','LAK11801','LPP KIDS ACONDICIONADOR RIZOS PERFECTOS  x 440 ML','37390879-f6be-4c31-bc97-9dff30cb096e',NULL,NULL,10,'7708993672329');
INSERT INTO "productos" ("id","codigo","nombre","marca_id","modo_de_uso","imagen_url","puntos_por_venta","codigo_barras") VALUES ('e0b71756-71cc-4446-b9d8-3ba62046affe','LAK11802','LPP KIDS ACONDICIONADOR RIZOS PERFECTOS x 250 ML','37390879-f6be-4c31-bc97-9dff30cb096e',NULL,NULL,10,'7709028027848');
INSERT INTO "productos" ("id","codigo","nombre","marca_id","modo_de_uso","imagen_url","puntos_por_venta","codigo_barras") VALUES ('1d5deee0-0cc1-4781-9d7b-2b54e958a044','LAK13801','LPP KIDS GELATINA SLIME DEFINIDORA RIZOS PERFECTOS x 600 ML','37390879-f6be-4c31-bc97-9dff30cb096e',NULL,NULL,10,'7708993672381');
INSERT INTO "productos" ("id","codigo","nombre","marca_id","modo_de_uso","imagen_url","puntos_por_venta","codigo_barras") VALUES ('3e328ef6-c213-4d9f-9519-dcc0b35b55a7','LAK14001','LPP SPLASH CAPILAR CANDY x 100 ML','37390879-f6be-4c31-bc97-9dff30cb096e',NULL,NULL,10,NULL);
INSERT INTO "productos" ("id","codigo","nombre","marca_id","modo_de_uso","imagen_url","puntos_por_venta","codigo_barras") VALUES ('5b8e3079-7abd-4c4c-ac1c-fa9eb6314c17','LCA10051','LPP AFRO MASCARILLA POTE x 440 ML','37390879-f6be-4c31-bc97-9dff30cb096e',NULL,NULL,10,'7709990241280');
INSERT INTO "productos" ("id","codigo","nombre","marca_id","modo_de_uso","imagen_url","puntos_por_venta","codigo_barras") VALUES ('5f3f0125-3eec-4b85-b8ad-f1584d78d534','LCA10052','LPP AFRO SHAMPOO POTE x 440 ML','37390879-f6be-4c31-bc97-9dff30cb096e',NULL,NULL,10,'7709290264187');
INSERT INTO "productos" ("id","codigo","nombre","marca_id","modo_de_uso","imagen_url","puntos_por_venta","codigo_barras") VALUES ('e898e1fa-ba38-4a45-9994-603225a3b952','LCA10057','LPP AFRO SHAMPOO SACHET 30 ML','37390879-f6be-4c31-bc97-9dff30cb096e',NULL,NULL,10,'7709990241297');
INSERT INTO "productos" ("id","codigo","nombre","marca_id","modo_de_uso","imagen_url","puntos_por_venta","codigo_barras") VALUES ('b73cb17d-c17c-417b-ae43-99579b6ba327','LCA10058','LPP AFRO TERMO SACHET 30 ML','37390879-f6be-4c31-bc97-9dff30cb096e',NULL,NULL,10,'7709990327601');
INSERT INTO "productos" ("id","codigo","nombre","marca_id","modo_de_uso","imagen_url","puntos_por_venta","codigo_barras") VALUES ('c21f6743-68d7-4982-a3f8-946c3bce8747','LCA10059','LPP AFRO MASCARILLA SACHET 30 ML','37390879-f6be-4c31-bc97-9dff30cb096e',NULL,NULL,10,'7709284699865');
INSERT INTO "productos" ("id","codigo","nombre","marca_id","modo_de_uso","imagen_url","puntos_por_venta","codigo_barras") VALUES ('dca87f70-da69-4ec4-bf7e-94da8499148b','LCA10061','LPP AFRO MASCARILLA SACHET 100ML','37390879-f6be-4c31-bc97-9dff30cb096e',NULL,NULL,10,'7709990241204');
INSERT INTO "productos" ("id","codigo","nombre","marca_id","modo_de_uso","imagen_url","puntos_por_venta","codigo_barras") VALUES ('f0969d7a-4e6d-40fa-a8ba-b26e276d4408','LCA10062','LPP AFRO TERMO SACHET 100 ML','37390879-f6be-4c31-bc97-9dff30cb096e',NULL,NULL,10,'7709990241266');
INSERT INTO "productos" ("id","codigo","nombre","marca_id","modo_de_uso","imagen_url","puntos_por_venta","codigo_barras") VALUES ('f09f5a11-5567-4388-912e-95ce58199487','LCA10088','LPP AFRO TERMO POTE x 250 ML','37390879-f6be-4c31-bc97-9dff30cb096e',NULL,NULL,10,'7709122487715');
INSERT INTO "productos" ("id","codigo","nombre","marca_id","modo_de_uso","imagen_url","puntos_por_venta","codigo_barras") VALUES ('679a9c82-dc66-4466-bee2-c2fd847a9a79','LCA10089','LPP AFRO MASCARILLA POTE x 250 ML','37390879-f6be-4c31-bc97-9dff30cb096e',NULL,NULL,10,'7709092870609');
INSERT INTO "productos" ("id","codigo","nombre","marca_id","modo_de_uso","imagen_url","puntos_por_venta","codigo_barras") VALUES ('b9955b97-a72c-4764-9b85-ee335b89cf4e','LCA10090','LPP AFRO SHAMPOO POTE x 250 ML','37390879-f6be-4c31-bc97-9dff30cb096e',NULL,NULL,10,'7709122487722');
INSERT INTO "productos" ("id","codigo","nombre","marca_id","modo_de_uso","imagen_url","puntos_por_venta","codigo_barras") VALUES ('af3729c3-da73-49c2-a7b5-aaced1cd2f8f','LCA10096','OLEO RIZOS Y AFRO X 35ML','37390879-f6be-4c31-bc97-9dff30cb096e',NULL,NULL,10,'7709715124898');
INSERT INTO "productos" ("id","codigo","nombre","marca_id","modo_de_uso","imagen_url","puntos_por_venta","codigo_barras") VALUES ('cd667a83-c51e-4e92-bd3a-bd1213aac738','LCA10097','LPP AFRO DEFINIDOR DE RIZOS POTE x 440 ML','37390879-f6be-4c31-bc97-9dff30cb096e',NULL,NULL,10,'7708713917242');
INSERT INTO "productos" ("id","codigo","nombre","marca_id","modo_de_uso","imagen_url","puntos_por_venta","codigo_barras") VALUES ('1f409b70-ab9d-4a46-8d6a-3d4f4d96da7c','LCA10098','LPP AFRO  CO-WASH ACONDICIONADOR LIMPIADOR POTE x 440 ML','37390879-f6be-4c31-bc97-9dff30cb096e',NULL,NULL,10,'7708713917433');
INSERT INTO "productos" ("id","codigo","nombre","marca_id","modo_de_uso","imagen_url","puntos_por_venta","codigo_barras") VALUES ('81f3446f-51eb-4b43-a715-214b599a6e08','LCA10099','LPP AFRO AGUA DE COCO REFRESCANTE X 250ML','37390879-f6be-4c31-bc97-9dff30cb096e',NULL,NULL,10,'7709727426782');
INSERT INTO "productos" ("id","codigo","nombre","marca_id","modo_de_uso","imagen_url","puntos_por_venta","codigo_barras") VALUES ('d9682f32-907c-4578-8811-b427e511e121','LCA10129','LPP AFRO MASCARILLA POTE LITRO','37390879-f6be-4c31-bc97-9dff30cb096e',NULL,NULL,10,'7709092870630');
INSERT INTO "productos" ("id","codigo","nombre","marca_id","modo_de_uso","imagen_url","puntos_por_venta","codigo_barras") VALUES ('db852e5f-0ffa-4bf1-8522-a05949ada54f','LCA10130','LPP AFRO SHAMPOO POTE LITRO','37390879-f6be-4c31-bc97-9dff30cb096e',NULL,NULL,10,'7709315023300');
INSERT INTO "productos" ("id","codigo","nombre","marca_id","modo_de_uso","imagen_url","puntos_por_venta","codigo_barras") VALUES ('f4ac20a6-5b8b-4870-bc8b-7196fbbd4eca','LCC10070','LPP COLOR TERMO POTE x 440 ML','37390879-f6be-4c31-bc97-9dff30cb096e',NULL,NULL,10,'7709360571641');
INSERT INTO "productos" ("id","codigo","nombre","marca_id","modo_de_uso","imagen_url","puntos_por_venta","codigo_barras") VALUES ('a20d2101-bf74-405e-ad9a-3a3e36c1c7fb','LCC10071','LPP COLOR MASCARILLA POTE x 440 ML','37390879-f6be-4c31-bc97-9dff30cb096e',NULL,NULL,10,'7709284699872');
INSERT INTO "productos" ("id","codigo","nombre","marca_id","modo_de_uso","imagen_url","puntos_por_venta","codigo_barras") VALUES ('6c09bb43-d428-42db-8c24-2cd154c4e5c0','LCC10072','LPP COLOR SHAMPOO POTE x 440 ML','37390879-f6be-4c31-bc97-9dff30cb096e',NULL,NULL,10,'7709284699803');
INSERT INTO "productos" ("id","codigo","nombre","marca_id","modo_de_uso","imagen_url","puntos_por_venta","codigo_barras") VALUES ('af3cd8e9-7b15-43f8-b1a7-826e7eea92ce','LCC10076','LPP COLOR MASCARILLA SACHET 30 ML','37390879-f6be-4c31-bc97-9dff30cb096e',NULL,NULL,10,'7709360571689');
INSERT INTO "productos" ("id","codigo","nombre","marca_id","modo_de_uso","imagen_url","puntos_por_venta","codigo_barras") VALUES ('a52dfdf5-a402-4876-ad2e-f4c91610b6c2','LCC10078','LPP COLOR TERMO SACHET 30 ML','37390879-f6be-4c31-bc97-9dff30cb096e',NULL,NULL,10,'7709092870678');
INSERT INTO "productos" ("id","codigo","nombre","marca_id","modo_de_uso","imagen_url","puntos_por_venta","codigo_barras") VALUES ('48dd16f3-0d72-4ae3-b1be-6c4e9f85c45f','LCC10079','LPP COLOR SHAMPOO SACHET 30 ML','37390879-f6be-4c31-bc97-9dff30cb096e',NULL,NULL,10,'7709360571610');
INSERT INTO "productos" ("id","codigo","nombre","marca_id","modo_de_uso","imagen_url","puntos_por_venta","codigo_barras") VALUES ('e33b0b92-e538-4703-ad11-9be6de18991a','LCC10086','LPP COLOR MASCARILLA POTE x 250 ML','37390879-f6be-4c31-bc97-9dff30cb096e',NULL,NULL,10,'7709122487708');
INSERT INTO "productos" ("id","codigo","nombre","marca_id","modo_de_uso","imagen_url","puntos_por_venta","codigo_barras") VALUES ('5ab0e53a-e845-484e-a69e-f5b1fce0bec7','LCC10087','LPP COLOR SHAMPOO POTE x 250 ML','37390879-f6be-4c31-bc97-9dff30cb096e',NULL,NULL,10,'7709092870623');
INSERT INTO "productos" ("id","codigo","nombre","marca_id","modo_de_uso","imagen_url","puntos_por_venta","codigo_barras") VALUES ('500073a2-d577-493c-9d83-818e62829488','LCC10131','LPP COLOR MASCARILLA POTE LITRO','37390879-f6be-4c31-bc97-9dff30cb096e',NULL,NULL,10,'7709122487739');
INSERT INTO "productos" ("id","codigo","nombre","marca_id","modo_de_uso","imagen_url","puntos_por_venta","codigo_barras") VALUES ('e9c37982-839e-4927-9629-f263dea746e2','LCC10132','LPP COLOR SHAMPOO POTE LITRO','37390879-f6be-4c31-bc97-9dff30cb096e',NULL,NULL,10,'7709315023331');
INSERT INTO "productos" ("id","codigo","nombre","marca_id","modo_de_uso","imagen_url","puntos_por_venta","codigo_barras") VALUES ('b6bc6490-fff0-4076-97c5-b6b121efd409','LCC10185','SPRAY AMINO 12','37390879-f6be-4c31-bc97-9dff30cb096e',NULL,NULL,10,'7709028027800');
INSERT INTO "productos" ("id","codigo","nombre","marca_id","modo_de_uso","imagen_url","puntos_por_venta","codigo_barras") VALUES ('1e95f727-0930-4832-b2b0-4bb03fa30713','LCD10250','LPP ACONDICIONADOR DETOX POTE x 440 ML','37390879-f6be-4c31-bc97-9dff30cb096e',NULL,NULL,10,'7708713917518');
INSERT INTO "productos" ("id","codigo","nombre","marca_id","modo_de_uso","imagen_url","puntos_por_venta","codigo_barras") VALUES ('015cdfcc-8c73-453d-91c2-825b29ff3034','LCF10094','LPP TRADICIONAL FINISH REPARAPUNTAS CHIA SPRAY x 35 ML','37390879-f6be-4c31-bc97-9dff30cb096e',NULL,NULL,10,'7708975697807');
INSERT INTO "productos" ("id","codigo","nombre","marca_id","modo_de_uso","imagen_url","puntos_por_venta","codigo_barras") VALUES ('30185b55-5647-4882-afe8-b7cadd215b28','LCK10710','LPP KIDS CREMA PARA PEINAR  x 440 ML','37390879-f6be-4c31-bc97-9dff30cb096e',NULL,NULL,10,'7709360571634');
INSERT INTO "productos" ("id","codigo","nombre","marca_id","modo_de_uso","imagen_url","puntos_por_venta","codigo_barras") VALUES ('a81cb532-de18-4495-873c-6cd75bcfb3a9','LCK10711','LPP KIDS CREMA PARA PEINAR  POTE x 250 ML','37390879-f6be-4c31-bc97-9dff30cb096e',NULL,NULL,10,'7709360571665');
INSERT INTO "productos" ("id","codigo","nombre","marca_id","modo_de_uso","imagen_url","puntos_por_venta","codigo_barras") VALUES ('af59d7a1-a2e2-4136-aa5d-4e2df90e175b','LCK10713','LPP KIDS CREMA PARA PEINAR  X 30 ML','37390879-f6be-4c31-bc97-9dff30cb096e',NULL,NULL,10,'7709936491557');
INSERT INTO "productos" ("id","codigo","nombre","marca_id","modo_de_uso","imagen_url","puntos_por_venta","codigo_barras") VALUES ('dbadbb4a-b0ce-459d-82fa-f522907328bb','LCK10720','LPP KIDS ACONDICIONADOR POTE x 440 ML','37390879-f6be-4c31-bc97-9dff30cb096e',NULL,NULL,10,'7709485294302');
INSERT INTO "productos" ("id","codigo","nombre","marca_id","modo_de_uso","imagen_url","puntos_por_venta","codigo_barras") VALUES ('1e0875d9-9231-4430-8e5f-9c9dd8f3abab','LCK10721','LPP KIDS ACONDICIONADOR POTE x 250 ML','37390879-f6be-4c31-bc97-9dff30cb096e',NULL,NULL,10,'7709485294357');
INSERT INTO "productos" ("id","codigo","nombre","marca_id","modo_de_uso","imagen_url","puntos_por_venta","codigo_barras") VALUES ('85a7e6be-e04a-44be-85e7-12da209b4e44','LCK10724','LPP KIDS ACONDICIONADOR POTE LITRO','37390879-f6be-4c31-bc97-9dff30cb096e',NULL,NULL,10,'7709936491571');
INSERT INTO "productos" ("id","codigo","nombre","marca_id","modo_de_uso","imagen_url","puntos_por_venta","codigo_barras") VALUES ('87a7c538-fea1-4310-bea8-a970c3137f48','LCK10730','LPP KIDS SHAMPOO NUTRITIVO x 440 ML','37390879-f6be-4c31-bc97-9dff30cb096e',NULL,NULL,10,'7709783749276');
INSERT INTO "productos" ("id","codigo","nombre","marca_id","modo_de_uso","imagen_url","puntos_por_venta","codigo_barras") VALUES ('6736b98d-307b-497d-a6af-3fe9a61ed5b4','LCK10731','LPP KIDS SHAMPOO NUTRITIVO POTE x 250 ML','37390879-f6be-4c31-bc97-9dff30cb096e',NULL,NULL,10,'7709485294340');
INSERT INTO "productos" ("id","codigo","nombre","marca_id","modo_de_uso","imagen_url","puntos_por_venta","codigo_barras") VALUES ('a38c5c59-1cfb-4681-a81c-deb40334e4a7','LCK10732','LPP KIDS SHAMPOO NUTRITIVO POTE LITRO','37390879-f6be-4c31-bc97-9dff30cb096e',NULL,NULL,10,'7709979863946');
INSERT INTO "productos" ("id","codigo","nombre","marca_id","modo_de_uso","imagen_url","puntos_por_venta","codigo_barras") VALUES ('850e04c3-7d2e-4a80-ba33-c26135c45992','LCK10733','LPP KIDS SHAMPOO NUTRITIVO SACHET 30 ML','37390879-f6be-4c31-bc97-9dff30cb096e',NULL,NULL,10,'7709485294388');
INSERT INTO "productos" ("id","codigo","nombre","marca_id","modo_de_uso","imagen_url","puntos_por_venta","codigo_barras") VALUES ('75b29ec8-e752-4947-9445-0f6a6fad7f89','LCK10740','LPP KIDS SHAMPOO+ACONDICIONADOR POTEx 440 ML','37390879-f6be-4c31-bc97-9dff30cb096e',NULL,NULL,10,'7709936491526');
INSERT INTO "productos" ("id","codigo","nombre","marca_id","modo_de_uso","imagen_url","puntos_por_venta","codigo_barras") VALUES ('ff662cb2-7325-4c8b-a4c3-c25f896eb496','LCK10741','LPP KIDS SHAMPOO+ACONDICIONADOR POTE X  250ML','37390879-f6be-4c31-bc97-9dff30cb096e',NULL,NULL,10,'7709936491564');
INSERT INTO "productos" ("id","codigo","nombre","marca_id","modo_de_uso","imagen_url","puntos_por_venta","codigo_barras") VALUES ('7a59dd12-9412-4dba-9d80-1865ca9b4b0b','LCK10745','LPP KIDS CREMA PARA PEINAR CON FIJACION X 440ML','37390879-f6be-4c31-bc97-9dff30cb096e',NULL,NULL,10,'7708713917075');
INSERT INTO "productos" ("id","codigo","nombre","marca_id","modo_de_uso","imagen_url","puntos_por_venta","codigo_barras") VALUES ('f51e70d0-36c6-4a4c-820f-36ae6aaea153','LCP10000','LPP TRADICIONAL TERMO POTE x 440 ML','37390879-f6be-4c31-bc97-9dff30cb096e',NULL,NULL,10,'7709990327649');
INSERT INTO "productos" ("id","codigo","nombre","marca_id","modo_de_uso","imagen_url","puntos_por_venta","codigo_barras") VALUES ('47017dde-73a3-42a9-a5ee-d61ed5a599d9','LCP10001','LPP TRADICIONAL RECO POTE x 440 ML','37390879-f6be-4c31-bc97-9dff30cb096e',NULL,NULL,10,'7709990327670');
INSERT INTO "productos" ("id","codigo","nombre","marca_id","modo_de_uso","imagen_url","puntos_por_venta","codigo_barras") VALUES ('336bd8e7-1ce0-4d63-861e-1d0c6689fa8a','LCP10002','LPP TRADICIONAL SHAMPOO POTE x 440 ML','37390879-f6be-4c31-bc97-9dff30cb096e',NULL,NULL,10,'7709990327694');
INSERT INTO "productos" ("id","codigo","nombre","marca_id","modo_de_uso","imagen_url","puntos_por_venta","codigo_barras") VALUES ('4a3d0b09-a184-40ea-9838-54419025ab9e','LCP10010','LPP TRADICIONAL TERMO SACHET 100 ML','37390879-f6be-4c31-bc97-9dff30cb096e',NULL,NULL,10,'7709990241259');
INSERT INTO "productos" ("id","codigo","nombre","marca_id","modo_de_uso","imagen_url","puntos_por_venta","codigo_barras") VALUES ('0f7842a8-7fce-4a41-9934-011714229eec','LCP10011','LPP TRADICIONAL RECO SACHET 100 ML','37390879-f6be-4c31-bc97-9dff30cb096e',NULL,NULL,10,'7709990241242');
INSERT INTO "productos" ("id","codigo","nombre","marca_id","modo_de_uso","imagen_url","puntos_por_venta","codigo_barras") VALUES ('e13b1ec6-7a69-44c7-a056-4288e710fa9d','LCP10021','LPP TRADICIONAL RECO SACHET 30 ML','37390879-f6be-4c31-bc97-9dff30cb096e',NULL,NULL,10,'7709315023355');
INSERT INTO "productos" ("id","codigo","nombre","marca_id","modo_de_uso","imagen_url","puntos_por_venta","codigo_barras") VALUES ('42030cf2-ffaf-4580-9e91-f3df6633792e','LCP10022','LPP TRADICIONAL SHAMPOO SACHET 30 ML','37390879-f6be-4c31-bc97-9dff30cb096e',NULL,NULL,10,'7709783749214');
INSERT INTO "productos" ("id","codigo","nombre","marca_id","modo_de_uso","imagen_url","puntos_por_venta","codigo_barras") VALUES ('046fbc61-c7f5-4ad5-9b69-d86a1fcc4ca8','LCP10082','LPP TRADICIONAL TERMO POTE x 250 ML','37390879-f6be-4c31-bc97-9dff30cb096e',NULL,NULL,10,'7709315023317');
INSERT INTO "productos" ("id","codigo","nombre","marca_id","modo_de_uso","imagen_url","puntos_por_venta","codigo_barras") VALUES ('c83fb810-2162-4619-ac56-3efa98b918e5','LCP10083','LPP TRADICIONAL RECO POTE x 250 ML','37390879-f6be-4c31-bc97-9dff30cb096e',NULL,NULL,10,'7709122487753');
INSERT INTO "productos" ("id","codigo","nombre","marca_id","modo_de_uso","imagen_url","puntos_por_venta","codigo_barras") VALUES ('e616df45-bc87-47d6-ac24-3349c0ed8736','LCP10084','LPP TRADICIONAL SHAMPOO POTE x 250 ML','37390879-f6be-4c31-bc97-9dff30cb096e',NULL,NULL,10,'7709360571672');
INSERT INTO "productos" ("id","codigo","nombre","marca_id","modo_de_uso","imagen_url","puntos_por_venta","codigo_barras") VALUES ('13a9512f-aa8b-4b53-ad7a-a1275cccb9b3','LCP10127','LPP TRADICIONAL RECO POTE LITRO','37390879-f6be-4c31-bc97-9dff30cb096e',NULL,NULL,10,'7709122487784');
INSERT INTO "productos" ("id","codigo","nombre","marca_id","modo_de_uso","imagen_url","puntos_por_venta","codigo_barras") VALUES ('f14625fc-8481-4295-91e5-5fb31ce8671d','LCP10128','LPP TRADICIONAL SHAMPOO POTE LITRO','37390879-f6be-4c31-bc97-9dff30cb096e',NULL,NULL,10,'7709315023348');
INSERT INTO "productos" ("id","codigo","nombre","marca_id","modo_de_uso","imagen_url","puntos_por_venta","codigo_barras") VALUES ('bdf86bc0-674c-4d66-b554-9dabb2a216c9','LCP10601','LPP MASCARILLA REGENERADOR INTENSO 7 OLEOS x 800 ML','37390879-f6be-4c31-bc97-9dff30cb096e',NULL,NULL,10,'7709844639478');
INSERT INTO "productos" ("id","codigo","nombre","marca_id","modo_de_uso","imagen_url","puntos_por_venta","codigo_barras") VALUES ('3a72d762-d30b-4ccc-9bee-6e66b3ed2848','LCP10605','LPP MASCARILLA REGENERADOR INTENSO 7 OLEOS x 40 ML  UND','37390879-f6be-4c31-bc97-9dff30cb096e',NULL,NULL,10,'7708713917679');
INSERT INTO "productos" ("id","codigo","nombre","marca_id","modo_de_uso","imagen_url","puntos_por_venta","codigo_barras") VALUES ('a67dbf19-269f-4a13-bee2-2dadabbde180','LCP10609','LPP SPLASH CAPILAR CELESTIAL BLUE 100ML','37390879-f6be-4c31-bc97-9dff30cb096e',NULL,NULL,10,'7709028027855');
INSERT INTO "productos" ("id","codigo","nombre","marca_id","modo_de_uso","imagen_url","puntos_por_venta","codigo_barras") VALUES ('71967356-2dfb-4fdb-a33c-7a183d1051d3','LCP10614','LPP MASCARILLA WOW  x 800 ML','37390879-f6be-4c31-bc97-9dff30cb096e',NULL,NULL,10,'7708993672336');
INSERT INTO "productos" ("id","codigo","nombre","marca_id","modo_de_uso","imagen_url","puntos_por_venta","codigo_barras") VALUES ('898cc97d-a128-4f5a-ab28-21a34f3c4250','LCP10615','LPP MASCARILLA WOW x 40 ML X CAJAS(12 UNIDADES)','37390879-f6be-4c31-bc97-9dff30cb096e',NULL,NULL,10,'7708993672398');
INSERT INTO "productos" ("id","codigo","nombre","marca_id","modo_de_uso","imagen_url","puntos_por_venta","codigo_barras") VALUES ('11d7e7fc-81c8-4856-8e07-095c23e3e916','LCP10618','LPP SPLASH CAPILAR LOVE x 100 ML','37390879-f6be-4c31-bc97-9dff30cb096e',NULL,NULL,10,'7708993672343');
INSERT INTO "productos" ("id","codigo","nombre","marca_id","modo_de_uso","imagen_url","puntos_por_venta","codigo_barras") VALUES ('7f8ef88c-b753-47f0-8083-6ffa896e64df','LCS10719','LPP KIDS DESENREDANTE  SPRAY x 250 ML','37390879-f6be-4c31-bc97-9dff30cb096e',NULL,NULL,10,'7709936491588');
INSERT INTO "productos" ("id","codigo","nombre","marca_id","modo_de_uso","imagen_url","puntos_por_venta","codigo_barras") VALUES ('ac411e1f-8066-4fd5-8986-8a57b6f3bc30','LPP10610','LPP SHAMPOO REGENERADOR INTENSO x 440ML','37390879-f6be-4c31-bc97-9dff30cb096e',NULL,NULL,10,'7708713917891');
INSERT INTO "productos" ("id","codigo","nombre","marca_id","modo_de_uso","imagen_url","puntos_por_venta","codigo_barras") VALUES ('822d29d2-96ed-4c1d-b78c-15ff332e4dfa','LPP10611','LPP ACONDICIONADOR REGENERADOR INTENSO x 440ML','37390879-f6be-4c31-bc97-9dff30cb096e',NULL,NULL,10,'7708713917990');
INSERT INTO "productos" ("id","codigo","nombre","marca_id","modo_de_uso","imagen_url","puntos_por_venta","codigo_barras") VALUES ('e0e7090a-eb54-4263-9543-22e55049c82a','MUESTRASPK','MUESTRASPK','5736eff8-0952-4e68-9c7b-cc70eebc9dbf',NULL,NULL,10,NULL);
INSERT INTO "productos" ("id","codigo","nombre","marca_id","modo_de_uso","imagen_url","puntos_por_venta","codigo_barras") VALUES ('fa22f732-ecff-4171-ba79-d791835ab16b','NT-DOGMA','NT-DOGMA','0cacfacb-03aa-4174-8cb6-4c819c29a6e0',NULL,NULL,10,NULL);
INSERT INTO "productos" ("id","codigo","nombre","marca_id","modo_de_uso","imagen_url","puntos_por_venta","codigo_barras") VALUES ('e5e4a071-7412-4e6a-95ee-7ceafd153036','NT-ORANGE','NT-ORANGE PLANCHA','0cacfacb-03aa-4174-8cb6-4c819c29a6e0',NULL,NULL,10,NULL);
INSERT INTO "productos" ("id","codigo","nombre","marca_id","modo_de_uso","imagen_url","puntos_por_venta","codigo_barras") VALUES ('f86b544c-179c-45e2-a096-74b022dfaacc','NT-THERMOPLUS','NT-TERMOPLUS PLANCHA','0cacfacb-03aa-4174-8cb6-4c819c29a6e0',NULL,NULL,10,NULL);
INSERT INTO "productos" ("id","codigo","nombre","marca_id","modo_de_uso","imagen_url","puntos_por_venta","codigo_barras") VALUES ('7514ab43-5228-4319-8ccc-9b3ca05ea3cd','NT-TIGER','NT-TIGER MAQUINA DE CORTE PROFESIONAL','0cacfacb-03aa-4174-8cb6-4c819c29a6e0',NULL,NULL,10,NULL);
INSERT INTO "productos" ("id","codigo","nombre","marca_id","modo_de_uso","imagen_url","puntos_por_venta","codigo_barras") VALUES ('e35bdf03-4dd5-48ef-a490-9a619527c15b','NT-VENUS','NT-VENUS PLANCHA','0cacfacb-03aa-4174-8cb6-4c819c29a6e0',NULL,NULL,10,NULL);
INSERT INTO "productos" ("id","codigo","nombre","marca_id","modo_de_uso","imagen_url","puntos_por_venta","codigo_barras") VALUES ('483ca131-ca62-4dd7-a7db-56e070044dd7','NT-WOWIRON','NT-WOW IRON PLANCHA','0cacfacb-03aa-4174-8cb6-4c819c29a6e0',NULL,NULL,10,NULL);
INSERT INTO "productos" ("id","codigo","nombre","marca_id","modo_de_uso","imagen_url","puntos_por_venta","codigo_barras") VALUES ('88854d09-767d-4e56-b686-b9e1a43fdb5c','PT012','PK MANTENIMIENTO COLOR AVELLANA POTE x 300 ML','5736eff8-0952-4e68-9c7b-cc70eebc9dbf',NULL,NULL,10,'7707931082152');
INSERT INTO "productos" ("id","codigo","nombre","marca_id","modo_de_uso","imagen_url","puntos_por_venta","codigo_barras") VALUES ('dc2e1bc4-2a21-45a2-ae68-e9eb772cae53','PT013','PK MANTENIMIENTO COLOR AVELLANA POTE x 150 ML','5736eff8-0952-4e68-9c7b-cc70eebc9dbf',NULL,NULL,10,'7707931082756');
INSERT INTO "productos" ("id","codigo","nombre","marca_id","modo_de_uso","imagen_url","puntos_por_venta","codigo_barras") VALUES ('c9975ca7-9517-40c6-96f6-9b9a422735c8','PT016','PK MANTENIMIENTO COLOR MOKACHINO POTE x 300 ML','5736eff8-0952-4e68-9c7b-cc70eebc9dbf',NULL,NULL,10,'7707931082046');
INSERT INTO "productos" ("id","codigo","nombre","marca_id","modo_de_uso","imagen_url","puntos_por_venta","codigo_barras") VALUES ('c36a758b-8fdc-466f-8fa1-7874e7d70f6e','PT017','PK MANTENIMIENTO COLOR MOKACHINO POTE x 150 ML','5736eff8-0952-4e68-9c7b-cc70eebc9dbf',NULL,NULL,10,'7707931082831');
INSERT INTO "productos" ("id","codigo","nombre","marca_id","modo_de_uso","imagen_url","puntos_por_venta","codigo_barras") VALUES ('7d6b7179-6f22-4c79-8782-3b4340eb8541','PT031','PK RIZOS GEL FLUIDO SACHET 30 GRS','5736eff8-0952-4e68-9c7b-cc70eebc9dbf',NULL,NULL,10,'7707999184737');
INSERT INTO "productos" ("id","codigo","nombre","marca_id","modo_de_uso","imagen_url","puntos_por_venta","codigo_barras") VALUES ('3e189d52-15a1-4170-8f47-c8853cc77357','PT032','PK MANTENIMIENTO COLOR CENIZO SACHET 40 GRS','5736eff8-0952-4e68-9c7b-cc70eebc9dbf',NULL,NULL,10,'7707931082596');
INSERT INTO "productos" ("id","codigo","nombre","marca_id","modo_de_uso","imagen_url","puntos_por_venta","codigo_barras") VALUES ('e8f30460-cdf7-4476-8a4d-d5aa222f56ac','PT033','PK MANTENIMIENTO COLOR ROJO SACHET 40 GRS','5736eff8-0952-4e68-9c7b-cc70eebc9dbf',NULL,NULL,10,'7707931082022');
INSERT INTO "productos" ("id","codigo","nombre","marca_id","modo_de_uso","imagen_url","puntos_por_venta","codigo_barras") VALUES ('a1748e42-d150-47b8-9835-3709ca0915a4','PT034','PK MANTENIMIENTO COLOR CHOCOLATE SACHET 40 GRS','5736eff8-0952-4e68-9c7b-cc70eebc9dbf',NULL,NULL,10,'7707931082909');
INSERT INTO "productos" ("id","codigo","nombre","marca_id","modo_de_uso","imagen_url","puntos_por_venta","codigo_barras") VALUES ('982c9a30-67ae-4cfa-9762-95a02f6f8fcf','PT037','PK MANTENIMIENTO COLOR COBRE SACHET 40 GRS','5736eff8-0952-4e68-9c7b-cc70eebc9dbf',NULL,NULL,10,'7707931082336');
INSERT INTO "productos" ("id","codigo","nombre","marca_id","modo_de_uso","imagen_url","puntos_por_venta","codigo_barras") VALUES ('478eaedd-4067-4a33-bf1e-8be3f37a2dee','PT040','PK MANTENIMIENTO COLOR HUMO SACHET 40 GRS','5736eff8-0952-4e68-9c7b-cc70eebc9dbf',NULL,NULL,10,'7707931082749');
INSERT INTO "productos" ("id","codigo","nombre","marca_id","modo_de_uso","imagen_url","puntos_por_venta","codigo_barras") VALUES ('7a1fab61-5324-45d9-bf72-b3b9721ecb91','PT041','PK MANTENIMIENTO COLOR NEGRO SACHET 40 GRS','5736eff8-0952-4e68-9c7b-cc70eebc9dbf',NULL,NULL,10,'7707931082923');
INSERT INTO "productos" ("id","codigo","nombre","marca_id","modo_de_uso","imagen_url","puntos_por_venta","codigo_barras") VALUES ('99ca1a80-1bf9-4892-8050-34556f983f3d','PT043','PK MANTENIMIENTO COLOR SHAMPOO CENIZO SACHET x 40 GRS','5736eff8-0952-4e68-9c7b-cc70eebc9dbf',NULL,NULL,10,'7707931082510');
INSERT INTO "productos" ("id","codigo","nombre","marca_id","modo_de_uso","imagen_url","puntos_por_venta","codigo_barras") VALUES ('d5f65e21-a6dd-489b-97ea-2c2da31bb168','PT044','PK MANTENIMIENTO COLOR PLATINO SACHET 40 GRS','5736eff8-0952-4e68-9c7b-cc70eebc9dbf',NULL,NULL,10,'7707931082008');
INSERT INTO "productos" ("id","codigo","nombre","marca_id","modo_de_uso","imagen_url","puntos_por_venta","codigo_barras") VALUES ('f1ab69bb-2839-4394-b213-25be28414117','PT045','PK MANTENIMIENTO COLOR BEIGE SACHET 40 GRS','5736eff8-0952-4e68-9c7b-cc70eebc9dbf',NULL,NULL,10,'7707931082053');
INSERT INTO "productos" ("id","codigo","nombre","marca_id","modo_de_uso","imagen_url","puntos_por_venta","codigo_barras") VALUES ('2e9ac287-5ac2-4c8a-8111-a655832dca09','PT074','PK MANTENIMIENTO COLOR MALVA SACHET 40 GRS','5736eff8-0952-4e68-9c7b-cc70eebc9dbf',NULL,NULL,10,'7707931082633');
INSERT INTO "productos" ("id","codigo","nombre","marca_id","modo_de_uso","imagen_url","puntos_por_venta","codigo_barras") VALUES ('d8683d5b-43a9-4a1c-9881-e573bf57ceb9','PT083','PK MANTENIMIENTO COLOR AVELLANA SACHET 40 GRS','5736eff8-0952-4e68-9c7b-cc70eebc9dbf',NULL,NULL,10,'7707931082220');
INSERT INTO "productos" ("id","codigo","nombre","marca_id","modo_de_uso","imagen_url","puntos_por_venta","codigo_barras") VALUES ('c5397bdb-6342-4514-9040-066d375370c5','PT085','PK MANTENIMIENTO COLOR MOKACHINO SACHET 40 GRS','5736eff8-0952-4e68-9c7b-cc70eebc9dbf',NULL,NULL,10,'7707931082404');
INSERT INTO "productos" ("id","codigo","nombre","marca_id","modo_de_uso","imagen_url","puntos_por_venta","codigo_barras") VALUES ('92e404aa-79d6-4dca-8c78-476c585e951e','PT088','PK ACTIVAR COBRE VIAL x 25 ML','5736eff8-0952-4e68-9c7b-cc70eebc9dbf',NULL,NULL,10,'7707931082787');
INSERT INTO "productos" ("id","codigo","nombre","marca_id","modo_de_uso","imagen_url","puntos_por_venta","codigo_barras") VALUES ('d54ae649-c07b-4254-b896-6cb498ac343b','PT143','PK MANTENIMIENTO COLOR CENIZO POTE x 300 ML','5736eff8-0952-4e68-9c7b-cc70eebc9dbf',NULL,NULL,10,'7708132134497');
INSERT INTO "productos" ("id","codigo","nombre","marca_id","modo_de_uso","imagen_url","puntos_por_venta","codigo_barras") VALUES ('69f51882-aef3-4f6c-bc32-529474e56275','PT144','PK MANTENIMIENTO COLOR CENIZO POTE x 500 ML','5736eff8-0952-4e68-9c7b-cc70eebc9dbf',NULL,NULL,10,'7708132134701');
INSERT INTO "productos" ("id","codigo","nombre","marca_id","modo_de_uso","imagen_url","puntos_por_venta","codigo_barras") VALUES ('d92d99bf-1068-4c4d-9cf3-baaaba9a22e5','PT145','PK MANTENIMIENTO COLOR NEGRO POTE x 300 ML','5736eff8-0952-4e68-9c7b-cc70eebc9dbf',NULL,NULL,10,'7707999184911');
INSERT INTO "productos" ("id","codigo","nombre","marca_id","modo_de_uso","imagen_url","puntos_por_venta","codigo_barras") VALUES ('e55c6550-4523-45ca-a429-0ad9d2f82a33','PT147','PK LACIO SEDUCTOR TERMOPROTECTOR POTE x 300 ML','5736eff8-0952-4e68-9c7b-cc70eebc9dbf',NULL,NULL,10,'7708132134428');
INSERT INTO "productos" ("id","codigo","nombre","marca_id","modo_de_uso","imagen_url","puntos_por_venta","codigo_barras") VALUES ('e820232c-5a4d-44a5-a7c1-666e2f5be375','PT149','PK MANTENIMIENTO COLOR SHAMPOO CENIZO POTE x 300 ML','5736eff8-0952-4e68-9c7b-cc70eebc9dbf',NULL,NULL,10,'7709064998300');
INSERT INTO "productos" ("id","codigo","nombre","marca_id","modo_de_uso","imagen_url","puntos_por_venta","codigo_barras") VALUES ('46a8a7b8-60e3-43bb-a000-acb5261d28c2','PT155','PK LACIO SEDUCTOR TERMOPROTECTOR SACHET x 30 GRS','5736eff8-0952-4e68-9c7b-cc70eebc9dbf',NULL,NULL,10,'7707999184836');
INSERT INTO "productos" ("id","codigo","nombre","marca_id","modo_de_uso","imagen_url","puntos_por_venta","codigo_barras") VALUES ('5b25fb0b-8866-4c2f-ae44-51545696a07a','PT158','PK MANTENIMIENTO COLOR MALVA POTE x 300 ML','5736eff8-0952-4e68-9c7b-cc70eebc9dbf',NULL,NULL,10,'7708132134992');
INSERT INTO "productos" ("id","codigo","nombre","marca_id","modo_de_uso","imagen_url","puntos_por_venta","codigo_barras") VALUES ('14cf8413-e7dc-4e73-871b-962af9acbeb5','PT164','PK MANTENIMIENTO COLOR ROJO POTE x 300 ML','5736eff8-0952-4e68-9c7b-cc70eebc9dbf',NULL,NULL,10,'7709466454077');
INSERT INTO "productos" ("id","codigo","nombre","marca_id","modo_de_uso","imagen_url","puntos_por_venta","codigo_barras") VALUES ('b8ce3857-ab27-4b50-8b4d-73a416a7c2a6','PT166','PK MANTENIMIENTO COLOR CHOCOLATE POTE x 300 ML','5736eff8-0952-4e68-9c7b-cc70eebc9dbf',NULL,NULL,10,'7708132134329');
INSERT INTO "productos" ("id","codigo","nombre","marca_id","modo_de_uso","imagen_url","puntos_por_venta","codigo_barras") VALUES ('0002393e-0e65-462d-8943-15d0eb0ca9d5','PT169','PK RIZOS GEL FLUIDO POTE x 300 ML','5736eff8-0952-4e68-9c7b-cc70eebc9dbf',NULL,NULL,10,'7707999184102');
INSERT INTO "productos" ("id","codigo","nombre","marca_id","modo_de_uso","imagen_url","puntos_por_venta","codigo_barras") VALUES ('b00a64c1-2dba-4f60-8c3d-fdaaea5e50ae','PT170','PK RIZOS GEL FLUIDO POTE x 500 ML','5736eff8-0952-4e68-9c7b-cc70eebc9dbf',NULL,NULL,10,'7709064998379');
INSERT INTO "productos" ("id","codigo","nombre","marca_id","modo_de_uso","imagen_url","puntos_por_venta","codigo_barras") VALUES ('90d8f049-3be0-435a-949e-363114a5c808','PT174','PK REPAIR THERAPY TRATAMIENTO INTENSIVO POTE x 300 ML','5736eff8-0952-4e68-9c7b-cc70eebc9dbf',NULL,NULL,10,'7708132134602');
INSERT INTO "productos" ("id","codigo","nombre","marca_id","modo_de_uso","imagen_url","puntos_por_venta","codigo_barras") VALUES ('03e78312-b134-4335-a9cd-5a8d99b66d65','PT200','PK MILKERATIN SHAMPOO POTE x 300 ML','5736eff8-0952-4e68-9c7b-cc70eebc9dbf',NULL,NULL,10,'7707999184010');
INSERT INTO "productos" ("id","codigo","nombre","marca_id","modo_de_uso","imagen_url","puntos_por_venta","codigo_barras") VALUES ('b6c2a9dc-91a2-449c-a490-49c021f53c70','PT203','PK MILKERATIN RINSE POTE x 300 ML','5736eff8-0952-4e68-9c7b-cc70eebc9dbf',NULL,NULL,10,'7708132134046');
INSERT INTO "productos" ("id","codigo","nombre","marca_id","modo_de_uso","imagen_url","puntos_por_venta","codigo_barras") VALUES ('279dfb6a-002f-4f0c-90e1-924e86c82bc3','PT227','PK MILKERATIN RINSE SACHET 30 GRS','5736eff8-0952-4e68-9c7b-cc70eebc9dbf',NULL,NULL,10,'7708132134244');
INSERT INTO "productos" ("id","codigo","nombre","marca_id","modo_de_uso","imagen_url","puntos_por_venta","codigo_barras") VALUES ('71191769-84f8-4a2c-921b-73db6f80460e','PT228','PK MILKERATIN SHAMPOO SACHET 30 GRS','5736eff8-0952-4e68-9c7b-cc70eebc9dbf',NULL,NULL,10,'7707999184669');
INSERT INTO "productos" ("id","codigo","nombre","marca_id","modo_de_uso","imagen_url","puntos_por_venta","codigo_barras") VALUES ('ffd5a757-8d11-4232-85a4-8c4d7dc1840b','PT238','PK MANTENIMIENTO COLOR BEIGE POTE x 300 ML','5736eff8-0952-4e68-9c7b-cc70eebc9dbf',NULL,NULL,10,'7708132134916');
INSERT INTO "productos" ("id","codigo","nombre","marca_id","modo_de_uso","imagen_url","puntos_por_venta","codigo_barras") VALUES ('02e70a4a-f922-4346-bdfd-e94c51038465','PT249','PK MANTENIMIENTO COLOR NEGRO POTE x 150 ML','5736eff8-0952-4e68-9c7b-cc70eebc9dbf',NULL,NULL,10,'7708132134145');
INSERT INTO "productos" ("id","codigo","nombre","marca_id","modo_de_uso","imagen_url","puntos_por_venta","codigo_barras") VALUES ('8a52c48d-30fa-4f3c-ac8a-92316b57cb24','PT250','PK COLOR CARE SHAMPOO POTE x 300 ML','5736eff8-0952-4e68-9c7b-cc70eebc9dbf',NULL,NULL,10,'7708132134657');
INSERT INTO "productos" ("id","codigo","nombre","marca_id","modo_de_uso","imagen_url","puntos_por_venta","codigo_barras") VALUES ('d3d8add6-2acf-4042-8001-4d909fcd94fa','PT280','PK MANTENIMIENTO COLOR COBRE POTE x 300 ML','5736eff8-0952-4e68-9c7b-cc70eebc9dbf',NULL,NULL,10,'7708132134534');
INSERT INTO "productos" ("id","codigo","nombre","marca_id","modo_de_uso","imagen_url","puntos_por_venta","codigo_barras") VALUES ('155cf714-9168-4adc-ad26-9c822e34d4b7','PT281','PK MANTENIMIENTO COLOR ROJO POTE x 150 ML','5736eff8-0952-4e68-9c7b-cc70eebc9dbf',NULL,NULL,10,'7708132134664');
INSERT INTO "productos" ("id","codigo","nombre","marca_id","modo_de_uso","imagen_url","puntos_por_venta","codigo_barras") VALUES ('03097649-35f8-4fd4-885d-de8912431cbf','PT282','PK MANTENIMIENTO COLOR CENIZO POTE x 150 ML','5736eff8-0952-4e68-9c7b-cc70eebc9dbf',NULL,NULL,10,'7708132134459');
INSERT INTO "productos" ("id","codigo","nombre","marca_id","modo_de_uso","imagen_url","puntos_por_venta","codigo_barras") VALUES ('0c5db6f1-be9b-480b-abd9-9b0991f34674','PT283','PK MANTENIMIENTO COLOR HUMO POTE x 150 ML','5736eff8-0952-4e68-9c7b-cc70eebc9dbf',NULL,NULL,10,'7708132134565');
INSERT INTO "productos" ("id","codigo","nombre","marca_id","modo_de_uso","imagen_url","puntos_por_venta","codigo_barras") VALUES ('34398b9f-1e7b-4c08-a70b-32ed7e01d3e5','PT284','PK MANTENIMIENTO COLOR COBRE POTE x 150 ML','5736eff8-0952-4e68-9c7b-cc70eebc9dbf',NULL,NULL,10,'7708132134442');
INSERT INTO "productos" ("id","codigo","nombre","marca_id","modo_de_uso","imagen_url","puntos_por_venta","codigo_barras") VALUES ('979763c5-f720-416d-978d-dee83f154b82','PT285','PK MANTENIMIENTO COLOR BEIGE POTE x 150 ML','5736eff8-0952-4e68-9c7b-cc70eebc9dbf',NULL,NULL,10,'7707999184645');
INSERT INTO "productos" ("id","codigo","nombre","marca_id","modo_de_uso","imagen_url","puntos_por_venta","codigo_barras") VALUES ('9f84a804-686b-46fe-939c-0777e8e9ed48','PT287','PK MANTENIMIENTO COLOR PLATINO POTE x 300 ML','5736eff8-0952-4e68-9c7b-cc70eebc9dbf',NULL,NULL,10,'7707999184980');
INSERT INTO "productos" ("id","codigo","nombre","marca_id","modo_de_uso","imagen_url","puntos_por_venta","codigo_barras") VALUES ('49cef12e-8235-4484-8db6-3f7ba8a6c4a1','PT289','PK MANTENIMIENTO COLOR PLATINO POTE x 150 ML','5736eff8-0952-4e68-9c7b-cc70eebc9dbf',NULL,NULL,10,'7707999184935');
INSERT INTO "productos" ("id","codigo","nombre","marca_id","modo_de_uso","imagen_url","puntos_por_venta","codigo_barras") VALUES ('82621440-a6bb-4953-acc2-6b1e5c82fe34','PT290','PK COLOR CARE SHAMPOO SACHET 30 GRS','5736eff8-0952-4e68-9c7b-cc70eebc9dbf',NULL,NULL,10,'7707999184829');
INSERT INTO "productos" ("id","codigo","nombre","marca_id","modo_de_uso","imagen_url","puntos_por_venta","codigo_barras") VALUES ('b4ece654-b7ff-4a9a-b894-0a1a8b9f3385','PT297','PK ACTIVAR VERDE VIAL x 25 ML','5736eff8-0952-4e68-9c7b-cc70eebc9dbf',NULL,NULL,10,'7707999184614');
INSERT INTO "productos" ("id","codigo","nombre","marca_id","modo_de_uso","imagen_url","puntos_por_venta","codigo_barras") VALUES ('574d4bca-82e2-446b-b4da-71a03f6834d1','PT392','PK MILKERATIN SHAMPOO POTE x 500 ML','5736eff8-0952-4e68-9c7b-cc70eebc9dbf',NULL,NULL,10,'7709466454039');
INSERT INTO "productos" ("id","codigo","nombre","marca_id","modo_de_uso","imagen_url","puntos_por_venta","codigo_barras") VALUES ('ebdaf659-5c4c-4396-95ea-d83b4b885676','PT395','PK CRESPOS LOCION HIDRATANTE ANTIFRIZZ SPRAY x 150 ML','5736eff8-0952-4e68-9c7b-cc70eebc9dbf',NULL,NULL,10,'7708132134633');
INSERT INTO "productos" ("id","codigo","nombre","marca_id","modo_de_uso","imagen_url","puntos_por_venta","codigo_barras") VALUES ('71bddccb-dcf5-4350-9f35-ea6619372fcd','PT396','PK CRESPOS CREMA DE PEINAR POTE x 300 ML','5736eff8-0952-4e68-9c7b-cc70eebc9dbf',NULL,NULL,10,'7708132134343');
INSERT INTO "productos" ("id","codigo","nombre","marca_id","modo_de_uso","imagen_url","puntos_por_venta","codigo_barras") VALUES ('82a12413-98ce-4c1a-a650-3d656b11c627','PT410','PK CRESPOS CREMA DE PEINAR SACHET 40 GRS','5736eff8-0952-4e68-9c7b-cc70eebc9dbf',NULL,NULL,10,'7708132134725');
INSERT INTO "productos" ("id","codigo","nombre","marca_id","modo_de_uso","imagen_url","puntos_por_venta","codigo_barras") VALUES ('167a5f4e-bf83-4bd5-8528-4671b5a47108','PT411','PK CRESPOS TRATAMIENTO SACHET 40 GRS','5736eff8-0952-4e68-9c7b-cc70eebc9dbf',NULL,NULL,10,'7708132134596');
INSERT INTO "productos" ("id","codigo","nombre","marca_id","modo_de_uso","imagen_url","puntos_por_venta","codigo_barras") VALUES ('71ef0177-df00-41c6-a7a4-65d9f40eeb07','PT420','PK LACIO SEDUCTOR TERMOPROTECTOR POTE x 150 ML','5736eff8-0952-4e68-9c7b-cc70eebc9dbf',NULL,NULL,10,'7708132134350');
INSERT INTO "productos" ("id","codigo","nombre","marca_id","modo_de_uso","imagen_url","puntos_por_venta","codigo_barras") VALUES ('c42f0b88-6a68-4806-99d6-109e86824464','PT485','PK CRESPOS SHAMPOO HUMECTANTE POTE x 300 ML','5736eff8-0952-4e68-9c7b-cc70eebc9dbf',NULL,NULL,10,'7707931082084');
INSERT INTO "productos" ("id","codigo","nombre","marca_id","modo_de_uso","imagen_url","puntos_por_venta","codigo_barras") VALUES ('0fb6ba85-c5e8-44bb-8b1b-65d5c8ae4497','PT486','PK CRESPOS SHAMPOO HUMECTANTE SACHET 40 GRS','5736eff8-0952-4e68-9c7b-cc70eebc9dbf',NULL,NULL,10,'7707931082992');
INSERT INTO "productos" ("id","codigo","nombre","marca_id","modo_de_uso","imagen_url","puntos_por_venta","codigo_barras") VALUES ('d06c4357-f884-4ab4-8ff2-b0e0b758469b','PT487','PK CRESPOS GEL LIQUIDO DEFINIDOR POTE x 300 ML','5736eff8-0952-4e68-9c7b-cc70eebc9dbf',NULL,NULL,10,'7707931082688');
INSERT INTO "productos" ("id","codigo","nombre","marca_id","modo_de_uso","imagen_url","puntos_por_venta","codigo_barras") VALUES ('27a7c10f-2f96-47cd-b105-a12fd0433eb8','PT488','PK CRESPOS GEL LIQUIDO DEFINIDOR SACHET 40 GRS','5736eff8-0952-4e68-9c7b-cc70eebc9dbf',NULL,NULL,10,'7707931082541');
INSERT INTO "productos" ("id","codigo","nombre","marca_id","modo_de_uso","imagen_url","puntos_por_venta","codigo_barras") VALUES ('3f6fc1f8-0e7a-4717-96da-34df2ce57155','PT489','PK MANTENIMIENTO COLOR MALVA POTE x 150 ML','5736eff8-0952-4e68-9c7b-cc70eebc9dbf',NULL,NULL,10,'7707931082503');
INSERT INTO "productos" ("id","codigo","nombre","marca_id","modo_de_uso","imagen_url","puntos_por_venta","codigo_barras") VALUES ('96df3bfc-ae64-4051-a18e-4bc79e90a8c3','PT490','PK MANTENIMIENTO COLOR CHOCOLATE POTE x 150 ML','5736eff8-0952-4e68-9c7b-cc70eebc9dbf',NULL,NULL,10,'7707931082671');
INSERT INTO "productos" ("id","codigo","nombre","marca_id","modo_de_uso","imagen_url","puntos_por_venta","codigo_barras") VALUES ('f0bc4022-4d86-44eb-abd2-635942eec47f','PT498','PK MANTENIMIENTO COLOR COBRE DORADO POTE x 300 ML','5736eff8-0952-4e68-9c7b-cc70eebc9dbf',NULL,NULL,10,'7707931082237');
INSERT INTO "productos" ("id","codigo","nombre","marca_id","modo_de_uso","imagen_url","puntos_por_venta","codigo_barras") VALUES ('52c718d8-5006-44f3-8eb5-03f485e05c7e','PT509','PK MANTENIMIENTO COLOR HUMO POTE x 300 ML','5736eff8-0952-4e68-9c7b-cc70eebc9dbf',NULL,NULL,10,'7709961118528');
INSERT INTO "productos" ("id","codigo","nombre","marca_id","modo_de_uso","imagen_url","puntos_por_venta","codigo_barras") VALUES ('b591601e-5e3e-4dff-a823-65cf7c8f9d3e','PT511','PK MANTENIMIENTO COLOR COBRE DORADO POTE x 150 ML','5736eff8-0952-4e68-9c7b-cc70eebc9dbf',NULL,NULL,10,'7707931082244');
INSERT INTO "productos" ("id","codigo","nombre","marca_id","modo_de_uso","imagen_url","puntos_por_venta","codigo_barras") VALUES ('3e0ec762-64cc-4fa5-8bbf-f732abc4c144','PT512','PK MANTENIMIENTO COLOR COBRE DORADO SACHET 40 GRS','5736eff8-0952-4e68-9c7b-cc70eebc9dbf',NULL,NULL,10,'7707931082657');
INSERT INTO "productos" ("id","codigo","nombre","marca_id","modo_de_uso","imagen_url","puntos_por_venta","codigo_barras") VALUES ('16ed51f3-0bc5-42ef-ad5a-143229fb504f','PT515','PK REPAIR THERAPY TRATAMIENTO INTENSIVO POTE x 150 ML','5736eff8-0952-4e68-9c7b-cc70eebc9dbf',NULL,NULL,10,'7707931082589');
INSERT INTO "productos" ("id","codigo","nombre","marca_id","modo_de_uso","imagen_url","puntos_por_venta","codigo_barras") VALUES ('49939096-6088-434d-abc4-d7cab7c8dfe1','PT516','PK REPAIR THERAPY TRATAMIENTO INTENSIVO SACHET 40 GRS','5736eff8-0952-4e68-9c7b-cc70eebc9dbf',NULL,NULL,10,'7707931082428');
INSERT INTO "productos" ("id","codigo","nombre","marca_id","modo_de_uso","imagen_url","puntos_por_venta","codigo_barras") VALUES ('ec3ddb1f-8db1-454d-9248-070edfe34cda','PT518','PK REPAIR THERAPY SHAMPOO HIDRO REPARADOR POTE x 300 ML','5736eff8-0952-4e68-9c7b-cc70eebc9dbf',NULL,NULL,10,'7707931082848');
INSERT INTO "productos" ("id","codigo","nombre","marca_id","modo_de_uso","imagen_url","puntos_por_venta","codigo_barras") VALUES ('5720d0b6-6aed-49c1-bb82-28c2b58fc31a','PT519','PK REPAIR THERAPY SHAMPOO HIDRO REPARADOR SACHET x 40 GRS','5736eff8-0952-4e68-9c7b-cc70eebc9dbf',NULL,NULL,10,'7707931082206');
INSERT INTO "productos" ("id","codigo","nombre","marca_id","modo_de_uso","imagen_url","puntos_por_venta","codigo_barras") VALUES ('0366f35a-8c30-4146-98ba-428c06a8b1ea','PT521','PK REPAIR THERAPY OLEO CAPILAR BRILLO MISTICO x 60 ML','5736eff8-0952-4e68-9c7b-cc70eebc9dbf',NULL,NULL,10,'7707931082916');
INSERT INTO "productos" ("id","codigo","nombre","marca_id","modo_de_uso","imagen_url","puntos_por_venta","codigo_barras") VALUES ('07cc7f15-bdd9-46b5-ab76-b5a4c4c7351f','PT523','PK MILKERATIN RINSE POTE x 500 ML','5736eff8-0952-4e68-9c7b-cc70eebc9dbf',NULL,NULL,10,'7707931082466');
INSERT INTO "productos" ("id","codigo","nombre","marca_id","modo_de_uso","imagen_url","puntos_por_venta","codigo_barras") VALUES ('13e8e0eb-f7d0-4601-bbc6-df10203d23fd','PT544','PK CRESPOS CREMA DE PEINAR POTE x 500 ML','5736eff8-0952-4e68-9c7b-cc70eebc9dbf',NULL,NULL,10,'7707931082701');
INSERT INTO "productos" ("id","codigo","nombre","marca_id","modo_de_uso","imagen_url","puntos_por_venta","codigo_barras") VALUES ('8bf46905-6c71-4b19-96e7-aef919c7d37f','PT545','PK CRESPOS SHAMPOO HUMECTANTE POTE x 500 ML','5736eff8-0952-4e68-9c7b-cc70eebc9dbf',NULL,NULL,10,'7707931082213');
INSERT INTO "productos" ("id","codigo","nombre","marca_id","modo_de_uso","imagen_url","puntos_por_venta","codigo_barras") VALUES ('90d0e067-c71f-4e2d-920c-24818105b47c','PT547','PK MASCARILLA CORRECTORA BLANCO POLAR POTE x 350 GRS','5736eff8-0952-4e68-9c7b-cc70eebc9dbf',NULL,NULL,10,NULL);
INSERT INTO "productos" ("id","codigo","nombre","marca_id","modo_de_uso","imagen_url","puntos_por_venta","codigo_barras") VALUES ('5382d2a1-1dd0-48f2-9c87-e27111677e11','PT548','PK MASCARILLA CORRECTORA BLANCO POLAR SACHET 40 GRS','5736eff8-0952-4e68-9c7b-cc70eebc9dbf',NULL,NULL,10,NULL);
INSERT INTO "productos" ("id","codigo","nombre","marca_id","modo_de_uso","imagen_url","puntos_por_venta","codigo_barras") VALUES ('0aa54c10-52fd-4144-b7e4-f0674df24247','PT560','PK MANTENIMIENTO COLOR VIOLETA ROJIZO POTE x 300 ML','5736eff8-0952-4e68-9c7b-cc70eebc9dbf',NULL,NULL,10,'7707931082329');
INSERT INTO "productos" ("id","codigo","nombre","marca_id","modo_de_uso","imagen_url","puntos_por_venta","codigo_barras") VALUES ('f396ebb9-077d-4f5c-b078-abae8ec45b18','PT561','PK COLOR CARE MASCARILLA ESCUDO CROMATICO x 350 GRS','5736eff8-0952-4e68-9c7b-cc70eebc9dbf',NULL,NULL,10,'7707931082060');
INSERT INTO "productos" ("id","codigo","nombre","marca_id","modo_de_uso","imagen_url","puntos_por_venta","codigo_barras") VALUES ('9622ffb8-fd3f-419d-a66c-80eeefb00d05','PT562','PK MILKERATIN MASCARILLA REALINEACION TERMICA x 350 GRS','5736eff8-0952-4e68-9c7b-cc70eebc9dbf',NULL,NULL,10,'7707931082121');
INSERT INTO "productos" ("id","codigo","nombre","marca_id","modo_de_uso","imagen_url","puntos_por_venta","codigo_barras") VALUES ('104dc9f2-4631-4355-8b1c-ad359a3f824f','PT563','PK REPAIR THERAPY MASCARILLA BOND-PLEX x 350 GRS','5736eff8-0952-4e68-9c7b-cc70eebc9dbf',NULL,NULL,10,'7707931082497');
INSERT INTO "productos" ("id","codigo","nombre","marca_id","modo_de_uso","imagen_url","puntos_por_venta","codigo_barras") VALUES ('0ab55a6a-d80f-48bb-945c-8b385484fba8','PT565','PK MANTENIMIENTO COLOR VIOLETA ROJIZO SACHET 40 GRS','5736eff8-0952-4e68-9c7b-cc70eebc9dbf',NULL,NULL,10,'7707931082343');
INSERT INTO "productos" ("id","codigo","nombre","marca_id","modo_de_uso","imagen_url","puntos_por_venta","codigo_barras") VALUES ('3bc1d554-7d69-42d0-a423-d671def9fca4','PT567','PK MILKERATIN MASCARILLA REALINEACION TERMICA x 40 GRS','5736eff8-0952-4e68-9c7b-cc70eebc9dbf',NULL,NULL,10,'7707931082763');
INSERT INTO "productos" ("id","codigo","nombre","marca_id","modo_de_uso","imagen_url","puntos_por_venta","codigo_barras") VALUES ('1fc41fed-ae3c-414e-91e8-714bb4fbf5eb','PT568','PK COLOR CARE MASCARILLA ESCUDO CROMATICO x 40 GRS','5736eff8-0952-4e68-9c7b-cc70eebc9dbf',NULL,NULL,10,'7707931082930');
INSERT INTO "productos" ("id","codigo","nombre","marca_id","modo_de_uso","imagen_url","puntos_por_venta","codigo_barras") VALUES ('2748b22d-9a7d-4e87-8833-6506cc048438','PT569','PK REPAIR THERAPY MASCARILLA BOND-PLEX x 40 GRS','5736eff8-0952-4e68-9c7b-cc70eebc9dbf',NULL,NULL,10,'7707931082374');
INSERT INTO "productos" ("id","codigo","nombre","marca_id","modo_de_uso","imagen_url","puntos_por_venta","codigo_barras") VALUES ('8bb680ff-1677-4269-a557-5455e404d4f9','PT571','PK SHOT PREVENCION PUNTAS ABIERTAS CAJA x 10 UNDS 13 GRS','5736eff8-0952-4e68-9c7b-cc70eebc9dbf',NULL,NULL,10,'7707931082305');
INSERT INTO "productos" ("id","codigo","nombre","marca_id","modo_de_uso","imagen_url","puntos_por_venta","codigo_barras") VALUES ('d13e70b2-aa2e-4c32-82d7-b9f6d123f273','PT572','PK SHOT PREVENCION QUIEBRE CAPILAR CAJA x 10 UNDS 13 GRS','5736eff8-0952-4e68-9c7b-cc70eebc9dbf',NULL,NULL,10,'7707931082947');
INSERT INTO "productos" ("id","codigo","nombre","marca_id","modo_de_uso","imagen_url","puntos_por_venta","codigo_barras") VALUES ('3bd85174-ff09-46e0-bce8-8eec4bfbdb13','PT588','PK MANTENIMIENTO COLOR VIOLETA ROJIZO POTE x 150 ML','5736eff8-0952-4e68-9c7b-cc70eebc9dbf',NULL,NULL,10,'7707931082442');
INSERT INTO "productos" ("id","codigo","nombre","marca_id","modo_de_uso","imagen_url","puntos_por_venta","codigo_barras") VALUES ('56a5b6ac-eace-4bfb-ba22-847620562049','SBT280','SUNBEAT PROTECTOR SOLAR KIDS TUBO x 200 g.','86568d64-3a7c-4085-b27c-8a89a6b7b415',NULL,NULL,10,'7503023615280');
INSERT INTO "productos" ("id","codigo","nombre","marca_id","modo_de_uso","imagen_url","puntos_por_venta","codigo_barras") VALUES ('fba35bf4-c62d-4aa1-88e0-b9af971eb189','SBT488','SUNBEAT PROTECTOR SOLAR USO DIARIO TUBO x 90 g.','86568d64-3a7c-4085-b27c-8a89a6b7b415',NULL,NULL,10,'7503023615488');
INSERT INTO "productos" ("id","codigo","nombre","marca_id","modo_de_uso","imagen_url","puntos_por_venta","codigo_barras") VALUES ('ce52f330-2a63-4c74-ae81-2cbb1251bd3d','SBT501','PROTECTOR SOLAR FACIAL Y CORPORAL SUNBEAT LOCIÓN  6/9/35g','86568d64-3a7c-4085-b27c-8a89a6b7b415',NULL,NULL,10,'7503023615501');
INSERT INTO "productos" ("id","codigo","nombre","marca_id","modo_de_uso","imagen_url","puntos_por_venta","codigo_barras") VALUES ('4d6f4c8e-59c0-473c-87b1-67f56733bf4d','SBT587','SUNBEAT PROTECTOR SOLAR FACIAL TUBO x 90 g.','86568d64-3a7c-4085-b27c-8a89a6b7b415',NULL,NULL,10,'7503023615587');
INSERT INTO "productos" ("id","codigo","nombre","marca_id","modo_de_uso","imagen_url","puntos_por_venta","codigo_barras") VALUES ('59232fa3-b850-4315-8196-cace98565e68','SBT976','SUNBEAT PROTECTOR SOLAR SPORT TUBO x 200 g.','86568d64-3a7c-4085-b27c-8a89a6b7b415',NULL,NULL,10,'7503023615976');
INSERT INTO "productos" ("id","codigo","nombre","marca_id","modo_de_uso","imagen_url","puntos_por_venta","codigo_barras") VALUES ('16ca5382-7198-4f6f-902a-125db5d5386f','SFX631','SUPER FIX1 GEL FIJADOR MUJER POTE x 230 g.','86568d64-3a7c-4085-b27c-8a89a6b7b415',NULL,NULL,10,'7503023615631');
INSERT INTO "productos" ("id","codigo","nombre","marca_id","modo_de_uso","imagen_url","puntos_por_venta","codigo_barras") VALUES ('4671f933-e37e-44e8-bebb-821b3af1259c','SFX730','SUPER FIX1 GEL FIJADOR PRINCESS POTE x 230 g.','86568d64-3a7c-4085-b27c-8a89a6b7b415',NULL,NULL,10,'7503023615730');
INSERT INTO "productos" ("id","codigo","nombre","marca_id","modo_de_uso","imagen_url","puntos_por_venta","codigo_barras") VALUES ('83de737a-4bdc-4215-bd90-d06a97c67fa9','SFX785','SUPER FIX1 GEL FIJADOR POTE x 100 g.','86568d64-3a7c-4085-b27c-8a89a6b7b415',NULL,NULL,10,'7503023615785');
INSERT INTO "productos" ("id","codigo","nombre","marca_id","modo_de_uso","imagen_url","puntos_por_venta","codigo_barras") VALUES ('fc1e3b80-69c6-435e-a947-99d7e1eba704','SFX884','SUPER FIX1 GEL FIJADOR POTE x 1000 g.','86568d64-3a7c-4085-b27c-8a89a6b7b415',NULL,NULL,10,'7503023615884');
INSERT INTO "productos" ("id","codigo","nombre","marca_id","modo_de_uso","imagen_url","puntos_por_venta","codigo_barras") VALUES ('27943b1b-afd8-4518-b349-ffa78262fa6c','SFX987','SUPER FIX1 GEL FIJADOR  SACHET 15 g. RISTRA x 24','86568d64-3a7c-4085-b27c-8a89a6b7b415',NULL,NULL,10,'7503023615983');
INSERT INTO "productos" ("id","codigo","nombre","marca_id","modo_de_uso","imagen_url","puntos_por_venta","codigo_barras") VALUES ('a8554745-de60-4149-8c90-d984ca5739b5','SFX990','SUPER FIX1 GEL FIJADOR POTE x 230 g.','86568d64-3a7c-4085-b27c-8a89a6b7b415',NULL,NULL,10,'7503023615990');
INSERT INTO "niveles_premio" ("id","nombre","puntos_minimos","descripcion_premio") VALUES ('b8a10148-452c-41b2-af79-f16c79d61477','Bronce',100,'PENDIENTE: definir premio nivel Bronce');
INSERT INTO "niveles_premio" ("id","nombre","puntos_minimos","descripcion_premio") VALUES ('4f0c107a-dd3e-4fae-97ba-112b148753af','Plata',500,'PENDIENTE: definir premio nivel Plata');
INSERT INTO "niveles_premio" ("id","nombre","puntos_minimos","descripcion_premio") VALUES ('69e08b38-942e-46d0-aa31-c833d91dedf2','Oro',1500,'PENDIENTE: definir premio nivel Oro');
INSERT INTO "config" ("clave","valor") VALUES ('texto_premios','Acumula puntos con cada venta que registres y alcanza niveles para obtener premios exclusivos.');
